org_id_a,org_id_b,relationship,source
XI-GRID-grid.10306.34,GB-CHC-1021457,sameas,GRID lookup
XI-GRID-grid.11485.39,GB-CHC-1089464,sameas,GRID lookup
XI-GRID-grid.16990.37,GB-CHC-802956,sameas,GRID lookup
XI-GRID-grid.20419.3e,GB-CHC-208728,sameas,GRID lookup
XI-GRID-grid.32509.3d,GB-CHC-314137,sameas,GRID lookup
XI-GRID-grid.43641.34,GB-SC-SC041796,sameas,GRID lookup
XI-GRID-grid.52788.30,GB-CHC-210183,sameas,GRID lookup
XI-GRID-grid.93554.3e,GB-CHC-306371,sameas,GRID lookup
XI-GRID-grid.268943.2,GB-CHC-1015243,sameas,GRID lookup
XI-GRID-grid.410315.2,GB-CHC-287287,sameas,GRID lookup
XI-GRID-grid.410343.1,GB-SC-SC000365,sameas,GRID lookup
XI-GRID-grid.418231.d,GB-CHC-1040650,sameas,GRID lookup
XI-GRID-grid.418543.f,GB-CHC-1080273,sameas,GRID lookup
XI-GRID-grid.418589.9,GB-CHC-327206,sameas,GRID lookup
XI-GRID-grid.419294.3,GB-CHC-1046854,sameas,GRID lookup
XI-GRID-grid.419428.2,GB-CHC-207994,sameas,GRID lookup
XI-GRID-grid.420013.4,GB-SC-SC022515,sameas,GRID lookup
XI-GRID-grid.420306.3,GB-CHC-800733,sameas,GRID lookup
XI-GRID-grid.420331.7,GB-CHC-1070618,sameas,GRID lookup
XI-GRID-grid.420419.a,GB-SC-SC037844,sameas,GRID lookup
XI-GRID-grid.420424.4,GB-SC-SC025818,sameas,GRID lookup
XI-GRID-grid.420583.8,GB-CHC-1184957,sameas,GRID lookup
XI-GRID-grid.421050.2,GB-CHC-251765,sameas,GRID lookup
XI-GRID-grid.421170.1,GB-CHC-210252,sameas,GRID lookup
XI-GRID-grid.421187.9,GB-CHC-278104,sameas,GRID lookup
XI-GRID-grid.421401.2,GB-CHC-327500,sameas,GRID lookup
XI-GRID-grid.421552.5,GB-CHC-1040519,sameas,GRID lookup
XI-GRID-grid.421613.3,GB-CHC-298951,sameas,GRID lookup
XI-GRID-grid.421617.7,GB-CHC-205846,sameas,GRID lookup
XI-GRID-grid.421627.4,GB-CHC-212424,sameas,GRID lookup
XI-GRID-grid.421630.2,GB-CHC-207076,sameas,GRID lookup
XI-GRID-grid.421637.5,GB-CHC-210566,sameas,GRID lookup
XI-GRID-grid.421640.5,GB-CHC-211015,sameas,GRID lookup
XI-GRID-grid.421642.7,GB-CHC-226227,sameas,GRID lookup
XI-GRID-grid.421649.c,GB-CHC-207043,sameas,GRID lookup
XI-GRID-grid.421661.6,GB-CHC-207238,sameas,GRID lookup
XI-GRID-grid.421666.1,GB-CHC-212808,sameas,GRID lookup
XI-GRID-grid.421797.e,GB-CHC-214348,sameas,GRID lookup
XI-GRID-grid.421945.f,GB-CHC-1101332,sameas,GRID lookup
XI-GRID-grid.422148.9,GB-CHC-1128267,sameas,GRID lookup
XI-GRID-grid.422197.b,GB-CHC-1091768,sameas,GRID lookup
XI-GRID-grid.422268.8,GB-CHC-306083,sameas,GRID lookup
XI-GRID-grid.422699.2,GB-CHC-326550,sameas,GRID lookup
XI-GRID-grid.422795.f,GB-CHC-1081247,sameas,GRID lookup
XI-GRID-grid.422903.e,GB-CHC-1042433,sameas,GRID lookup
XI-GRID-grid.422907.a,GB-CHC-1044645,sameas,GRID lookup
XI-GRID-grid.422951.9,GB-CHC-206601,sameas,GRID lookup
XI-GRID-grid.423193.e,GB-CHC-209131,sameas,GRID lookup
XI-GRID-grid.423195.8,GB-CHC-287780,sameas,GRID lookup
XI-GRID-grid.423196.b,GB-CHC-216652,sameas,GRID lookup
XI-GRID-grid.423239.d,GB-CHC-254937,sameas,GRID lookup
XI-GRID-grid.423385.b,GB-CHC-1139856,sameas,GRID lookup
XI-GRID-grid.423435.7,GB-SC-SC011330,sameas,GRID lookup
XI-GRID-grid.423946.e,GB-CHC-1182924,sameas,GRID lookup
XI-GRID-grid.424095.e,GB-CHC-273984,sameas,GRID lookup
XI-GRID-grid.424347.2,GB-CHC-212479,sameas,GRID lookup
XI-GRID-grid.425205.4,GB-CHC-800066,sameas,GRID lookup
XI-GRID-grid.425785.9,GB-CHC-1089106,sameas,GRID lookup
XI-GRID-grid.426173.5,GB-CHC-209706,sameas,GRID lookup
XI-GRID-grid.426412.7,GB-CHC-803716,sameas,GRID lookup
XI-GRID-grid.426478.b,GB-CHC-1149740,sameas,GRID lookup
XI-GRID-grid.426490.d,GB-CHC-208223,sameas,GRID lookup
XI-GRID-grid.426499.4,GB-CHC-274345,sameas,GRID lookup
XI-GRID-grid.427908.0,GB-CHC-1101052,sameas,GRID lookup
XI-GRID-grid.428136.a,GB-CHC-298405,sameas,GRID lookup
XI-GRID-grid.428951.3,GB-CHC-1126281,sameas,GRID lookup
XI-GRID-grid.429487.4,GB-CHC-1122073,sameas,GRID lookup
XI-GRID-grid.431199.7,GB-CHC-215869,sameas,GRID lookup
XI-GRID-grid.431215.0,GB-CHC-277992,sameas,GRID lookup
XI-GRID-grid.431456.1,GB-CHC-207890,sameas,GRID lookup
XI-GRID-grid.431560.5,GB-CHC-264017,sameas,GRID lookup
XI-GRID-grid.432249.a,GB-CHC-296645,sameas,GRID lookup
XI-GRID-grid.432609.a,GB-CHC-251681,sameas,GRID lookup
XI-GRID-grid.432613.1,GB-CHC-1103260,sameas,GRID lookup
XI-GRID-grid.433059.8,GB-CHC-288007,sameas,GRID lookup
XI-GRID-grid.433075.6,GB-CHC-298740,sameas,GRID lookup
XI-GRID-grid.433350.2,GB-CHC-1075611,sameas,GRID lookup
XI-GRID-grid.433515.5,GB-CHC-1001237,sameas,GRID lookup
XI-GRID-grid.433545.0,GB-CHC-1084958,sameas,GRID lookup
XI-GRID-grid.433725.4,GB-CHC-1087471,sameas,GRID lookup
XI-GRID-grid.433943.a,GB-CHC-1000328,sameas,GRID lookup
XI-GRID-grid.434519.e,GB-CHC-1111288,sameas,GRID lookup
XI-GRID-grid.434780.c,GB-CHC-271370,sameas,GRID lookup
XI-GRID-grid.434900.a,GB-CHC-1068852,sameas,GRID lookup
XI-GRID-grid.435073.6,GB-CHC-1128884,sameas,GRID lookup
XI-GRID-grid.435659.8,GB-CHC-1166304,sameas,GRID lookup
XI-GRID-grid.436230.0,GB-CHC-219830,sameas,GRID lookup
XI-GRID-grid.436450.0,GB-SC-SC007410,sameas,GRID lookup
XI-GRID-grid.436596.b,GB-CHC-1144091,sameas,GRID lookup
XI-GRID-grid.436857.b,GB-CHC-225922,sameas,GRID lookup
XI-GRID-grid.436901.9,GB-CHC-271731,sameas,GRID lookup
XI-GRID-grid.437028.a,GB-CHC-202918,sameas,GRID lookup
XI-GRID-grid.437100.1,GB-CHC-247257,sameas,GRID lookup
XI-GRID-grid.437474.7,GB-CHC-209961,sameas,GRID lookup
XI-GRID-grid.437911.9,GB-CHC-208231,sameas,GRID lookup
XI-GRID-grid.438297.3,GB-CHC-1129312,sameas,GRID lookup
XI-GRID-grid.438314.9,GB-CHC-221124,sameas,GRID lookup
XI-GRID-grid.438325.b,GB-CHC-243470,sameas,GRID lookup
XI-GRID-grid.438390.5,GB-CHC-1090451,sameas,GRID lookup
XI-GRID-grid.438396.3,GB-CHC-211014,sameas,GRID lookup
XI-GRID-grid.438399.c,GB-CHC-1076981,sameas,GRID lookup
XI-GRID-grid.438444.b,GB-CHC-1048355,sameas,GRID lookup
XI-GRID-grid.438467.a,GB-CHC-207720,sameas,GRID lookup
XI-GRID-grid.438470.c,GB-CHC-1063609,sameas,GRID lookup
XI-GRID-grid.439054.f,GB-CHC-1073051,sameas,GRID lookup
XI-GRID-grid.439177.f,GB-CHC-509060,sameas,GRID lookup
XI-GRID-grid.439360.b,GB-CHC-1112775,sameas,GRID lookup
XI-GRID-grid.448664.c,GB-SC-SC015600,sameas,GRID lookup
XI-GRID-grid.450119.8,GB-CHC-1038957,sameas,GRID lookup
XI-GRID-grid.450399.2,GB-SC-SC022315,sameas,GRID lookup
XI-GRID-grid.450441.0,GB-CHC-1127712,sameas,GRID lookup
XI-GRID-grid.450692.c,GB-CHC-1042046,sameas,GRID lookup
XI-GRID-grid.450733.6,GB-SC-SC003790,sameas,GRID lookup
XI-GRID-grid.450792.d,GB-CHC-211245,sameas,GRID lookup
XI-GRID-grid.450885.4,GB-CHC-1039417,sameas,GRID lookup
XI-GRID-grid.451312.0,GB-CHC-213890,sameas,GRID lookup
XI-GRID-grid.451409.d,GB-CHC-298028,sameas,GRID lookup
XI-GRID-grid.451427.1,GB-CHC-1135007,sameas,GRID lookup
XI-GRID-grid.452379.e,GB-CHC-206186,sameas,GRID lookup
XI-GRID-grid.452416.0,GB-CHC-1128437,sameas,GRID lookup
XI-GRID-grid.452573.2,GB-CHC-1026588,sameas,GRID lookup
XI-GRID-grid.452921.9,GB-SC-SC004064,sameas,GRID lookup
XI-GRID-grid.452924.c,GB-CHC-225971,sameas,GRID lookup
XI-GRID-grid.452966.a,GB-CHC-1159154,sameas,GRID lookup
XI-GRID-grid.453048.e,GB-CHC-215199,sameas,GRID lookup
XI-GRID-grid.453093.8,GB-SC-SC022918,sameas,GRID lookup
XI-GRID-grid.453104.7,GB-CHC-293074,sameas,GRID lookup
XI-GRID-grid.453145.2,GB-CHC-258197,sameas,GRID lookup
XI-GRID-grid.453156.0,GB-CHC-802364,sameas,GRID lookup
XI-GRID-grid.453177.3,GB-CHC-252660,sameas,GRID lookup
XI-GRID-grid.453182.9,GB-CHC-1100394,sameas,GRID lookup
XI-GRID-grid.453186.d,GB-CHC-208701,sameas,GRID lookup
XI-GRID-grid.453190.a,GB-CHC-1044821,sameas,GRID lookup
XI-GRID-grid.453244.0,GB-CHC-1000739,sameas,GRID lookup
XI-GRID-grid.453248.c,GB-CHC-200051,sameas,GRID lookup
XI-GRID-grid.453264.2,GB-CHC-239281,sameas,GRID lookup
XI-GRID-grid.453270.7,GB-CHC-252892,sameas,GRID lookup
XI-GRID-grid.453271.6,GB-CHC-1140372,sameas,GRID lookup
XI-GRID-grid.453273.4,GB-CHC-1160316,sameas,GRID lookup
XI-GRID-grid.453276.1,GB-CHC-1005541,sameas,GRID lookup
XI-GRID-grid.453283.b,GB-CHC-298582,sameas,GRID lookup
XI-GRID-grid.453287.f,GB-CHC-282042,sameas,GRID lookup
XI-GRID-grid.453295.c,GB-CHC-1139257,sameas,GRID lookup
XI-GRID-grid.453298.1,GB-CHC-1160024,sameas,GRID lookup
XI-GRID-grid.453299.0,GB-CHC-214684,sameas,GRID lookup
XI-GRID-grid.453308.9,GB-CHC-1090968,sameas,GRID lookup
XI-GRID-grid.453382.b,GB-CHC-313865,sameas,GRID lookup
XI-GRID-grid.453385.c,GB-CHC-1056410,sameas,GRID lookup
XI-GRID-grid.453386.f,GB-CHC-326730,sameas,GRID lookup
XI-GRID-grid.453389.0,GB-CHC-1111438,sameas,GRID lookup
XI-GRID-grid.453464.4,GB-SC-SC014959,sameas,GRID lookup
XI-GRID-grid.453466.6,GB-CHC-1077089,sameas,GRID lookup
XI-GRID-grid.453472.3,GB-CHC-1162759,sameas,GRID lookup
XI-GRID-grid.453476.7,GB-CHC-277825,sameas,GRID lookup
XI-GRID-grid.453477.6,GB-CHC-290766,sameas,GRID lookup
XI-GRID-grid.453491.e,GB-CHC-208491,sameas,GRID lookup
XI-GRID-grid.453602.6,GB-CHC-1054015,sameas,GRID lookup
XI-GRID-grid.453604.0,GB-CHC-286967,sameas,GRID lookup
XI-GRID-grid.453616.3,GB-CHC-1170125,sameas,GRID lookup
XI-GRID-grid.453638.f,GB-CHC-233838,sameas,GRID lookup
XI-GRID-grid.453642.2,GB-CHC-1079049,sameas,GRID lookup
XI-GRID-grid.453651.0,GB-CHC-296284,sameas,GRID lookup
XI-GRID-grid.453659.8,GB-CHC-326385,sameas,GRID lookup
XI-GRID-grid.453661.3,GB-CHC-294354,sameas,GRID lookup
XI-GRID-grid.453668.a,GB-CHC-1081766,sameas,GRID lookup
XI-GRID-grid.453674.7,GB-CHC-1154851,sameas,GRID lookup
XI-GRID-grid.453676.5,GB-CHC-1150054,sameas,GRID lookup
XI-GRID-grid.453704.1,GB-CHC-1117148,sameas,GRID lookup
XI-GRID-grid.453708.d,GB-CHC-1170103,sameas,GRID lookup
XI-GRID-grid.453723.4,GB-CHC-1111527,sameas,GRID lookup
XI-GRID-grid.453738.e,GB-CHC-519357,sameas,GRID lookup
XI-GRID-grid.453753.3,GB-CHC-1165672,sameas,GRID lookup
XI-GRID-grid.453949.6,GB-CHC-250556,sameas,GRID lookup
XI-GRID-grid.453958.6,GB-CHC-313376,sameas,GRID lookup
XI-GRID-grid.453961.c,GB-CHC-258474,sameas,GRID lookup
XI-GRID-grid.453973.f,GB-CHC-299955,sameas,GRID lookup
XI-GRID-grid.453974.8,GB-CHC-1084412,sameas,GRID lookup
XI-GRID-grid.453975.9,GB-CHC-1109743,sameas,GRID lookup
XI-GRID-grid.453976.a,GB-CHC-1005735,sameas,GRID lookup
XI-GRID-grid.453979.5,GB-CHC-1089849,sameas,GRID lookup
XI-GRID-grid.453981.2,GB-CHC-1088353,sameas,GRID lookup
XI-GRID-grid.453997.5,GB-CHC-231508,sameas,GRID lookup
XI-GRID-grid.454014.0,GB-CHC-1081241,sameas,GRID lookup
XI-GRID-grid.454063.0,GB-CHC-1156077,sameas,GRID lookup
XI-GRID-grid.454149.9,GB-CHC-700037,sameas,GRID lookup
XI-GRID-grid.458394.7,GB-CHC-1160558,sameas,GRID lookup
XI-GRID-grid.459935.7,GB-CHC-1118646,sameas,GRID lookup
XI-GRID-grid.460229.b,GB-CHC-298104,sameas,GRID lookup
XI-GRID-grid.462151.5,GB-CHC-1060431,sameas,GRID lookup
XI-GRID-grid.464692.b,GB-CHC-800365,sameas,GRID lookup
XI-GRID-grid.465181.f,GB-CHC-1112023,sameas,GRID lookup
XI-GRID-grid.466510.0,GB-CHC-1077106,sameas,GRID lookup
XI-GRID-grid.466548.d,GB-CHC-313219,sameas,GRID lookup
XI-GRID-grid.466549.c,GB-CHC-288859,sameas,GRID lookup
XI-GRID-grid.466684.e,GB-CHC-263894,sameas,GRID lookup
XI-GRID-grid.467012.6,GB-CHC-219099,sameas,GRID lookup
XI-GRID-grid.467037.1,GB-CHC-1059500,sameas,GRID lookup
XI-GRID-grid.467259.b,GB-CHC-1135395,sameas,GRID lookup
XI-GRID-grid.467262.3,GB-CHC-231161,sameas,GRID lookup
XI-GRID-grid.467322.6,GB-CHC-1073015,sameas,GRID lookup
XI-GRID-grid.467568.e,GB-CHC-232492,sameas,GRID lookup
XI-GRID-grid.468251.c,GB-CHC-1161870,sameas,GRID lookup
XI-GRID-grid.468256.b,GB-CHC-1150171,sameas,GRID lookup
XI-GRID-grid.468286.6,GB-CHC-250739,sameas,GRID lookup
XI-GRID-grid.468359.5,GB-CHC-1111816,sameas,GRID lookup
XI-GRID-grid.468409.7,GB-CHC-219279,sameas,GRID lookup
XI-GRID-grid.468441.b,GB-CHC-209603,sameas,GRID lookup
XI-GRID-grid.468489.f,GB-CHC-305992,sameas,GRID lookup
XI-GRID-grid.468490.7,GB-CHC-1119647,sameas,GRID lookup
XI-GRID-grid.468496.1,GB-CHC-273136,sameas,GRID lookup
XI-GRID-grid.468499.e,GB-CHC-256475,sameas,GRID lookup
XI-GRID-grid.468502.d,GB-CHC-269944,sameas,GRID lookup
XI-GRID-grid.468504.b,GB-CHC-1081300,sameas,GRID lookup
XI-GRID-grid.468505.a,GB-CHC-264139,sameas,GRID lookup
XI-GRID-grid.468510.e,GB-CHC-1125867,sameas,GRID lookup
XI-GRID-grid.468513.d,GB-CHC-234715,sameas,GRID lookup
XI-GRID-grid.468514.a,GB-CHC-1060508,sameas,GRID lookup
XI-GRID-grid.468516.8,GB-CHC-262334,sameas,GRID lookup
XI-GRID-grid.468517.9,GB-SC-SC044442,sameas,GRID lookup
XI-GRID-grid.468518.6,GB-CHC-273043,sameas,GRID lookup
XI-GRID-grid.468521.c,GB-CHC-1101971,sameas,GRID lookup
XI-GRID-grid.468523.e,GB-CHC-269697,sameas,GRID lookup
XI-GRID-grid.468526.b,GB-CHC-1002973,sameas,GRID lookup
XI-GRID-grid.468531.d,GB-CHC-312934,sameas,GRID lookup
XI-GRID-grid.468533.f,GB-CHC-802196,sameas,GRID lookup
XI-GRID-grid.468534.8,GB-CHC-1048167,sameas,GRID lookup
XI-GRID-grid.468536.a,GB-CHC-1151015,sameas,GRID lookup
XI-GRID-grid.468539.5,GB-CHC-1034245,sameas,GRID lookup
XI-GRID-grid.468543.8,GB-SC-SC005751,sameas,GRID lookup
XI-GRID-grid.468545.e,GB-CHC-1102391,sameas,GRID lookup
XI-GRID-grid.468550.a,GB-CHC-297269,sameas,GRID lookup
XI-GRID-grid.468551.b,GB-CHC-1091232,sameas,GRID lookup
XI-GRID-grid.468554.e,GB-CHC-270941,sameas,GRID lookup
XI-GRID-grid.468557.d,GB-CHC-209066,sameas,GRID lookup
XI-GRID-grid.468561.8,GB-CHC-1143049,sameas,GRID lookup
XI-GRID-grid.468567.e,GB-CHC-230102,sameas,GRID lookup
XI-GRID-grid.468568.1,GB-CHC-266813,sameas,GRID lookup
XI-GRID-grid.468570.8,GB-CHC-1003825,sameas,GRID lookup
XI-GRID-grid.468580.7,GB-CHC-803016,sameas,GRID lookup
XI-GRID-grid.468582.5,GB-CHC-1119068,sameas,GRID lookup
XI-GRID-grid.468585.2,GB-CHC-1148335,sameas,GRID lookup
XI-GRID-grid.468589.e,GB-CHC-232478,sameas,GRID lookup
XI-GRID-grid.468595.3,GB-CHC-234298,sameas,GRID lookup
XI-GRID-grid.468604.8,GB-CHC-272214,sameas,GRID lookup
XI-GRID-grid.468618.5,GB-SC-SC026116,sameas,GRID lookup
XI-GRID-grid.469071.d,GB-CHC-210037,sameas,GRID lookup
XI-GRID-grid.469328.2,GB-SC-SC036942,sameas,GRID lookup
XI-GRID-grid.469329.3,GB-CHC-1129698,sameas,GRID lookup
XI-GRID-grid.469331.a,GB-CHC-1036419,sameas,GRID lookup
XI-GRID-grid.469374.b,GB-CHC-1118192,sameas,GRID lookup
XI-GRID-grid.469383.3,GB-CHC-232891,sameas,GRID lookup
XI-GRID-grid.469385.5,GB-CHC-207544,sameas,GRID lookup
XI-GRID-grid.469419.7,GB-CHC-209425,sameas,GRID lookup
XI-GRID-grid.469711.c,GB-CHC-260167,sameas,GRID lookup
XI-GRID-grid.469740.8,GB-CHC-210161,sameas,GRID lookup
XI-GRID-grid.469743.b,GB-CHC-1066994,sameas,GRID lookup
XI-GRID-grid.469786.2,GB-CHC-1069663,sameas,GRID lookup
XI-GRID-grid.469790.5,GB-CHC-1091024,sameas,GRID lookup
XI-GRID-grid.469793.6,GB-CHC-313523,sameas,GRID lookup
XI-GRID-grid.469797.2,GB-CHC-1048642,sameas,GRID lookup
XI-GRID-grid.469801.2,GB-CHC-268494,sameas,GRID lookup
XI-GRID-grid.469806.5,GB-CHC-296772,sameas,GRID lookup
XI-GRID-grid.469808.b,GB-CHC-229524,sameas,GRID lookup
XI-GRID-grid.469812.0,GB-CHC-314286,sameas,GRID lookup
XI-GRID-grid.470456.4,GB-CHC-286669,sameas,GRID lookup
XI-GRID-grid.470694.8,GB-CHC-1039549,sameas,GRID lookup
XI-GRID-grid.470695.9,GB-CHC-228494,sameas,GRID lookup
XI-GRID-grid.470703.7,GB-CHC-1158172,sameas,GRID lookup
XI-GRID-grid.470707.3,GB-CHC-206888,sameas,GRID lookup
XI-GRID-grid.470710.5,GB-CHC-1150237,sameas,GRID lookup
XI-GRID-grid.470711.4,GB-SC-SC018761,sameas,GRID lookup
XI-GRID-grid.470714.1,GB-CHC-289297,sameas,GRID lookup
XI-GRID-grid.470719.c,GB-CHC-1150234,sameas,GRID lookup
XI-GRID-grid.470727.1,GB-CHC-1179328,sameas,GRID lookup
XI-GRID-grid.470738.f,GB-CHC-281399,sameas,GRID lookup
XI-GRID-grid.470743.3,GB-CHC-1071465,sameas,GRID lookup
XI-GRID-grid.470758.9,GB-CHC-1116111,sameas,GRID lookup
XI-GRID-grid.470837.f,GB-CHC-249338,sameas,GRID lookup
XI-GRID-grid.470977.a,GB-CHC-1161828,sameas,GRID lookup
XI-GRID-grid.470978.5,GB-CHC-285174,sameas,GRID lookup
XI-GRID-grid.472198.1,GB-CHC-1144513,sameas,GRID lookup
XI-GRID-grid.472644.7,GB-CHC-1117254,sameas,GRID lookup
XI-GRID-grid.472659.b,GB-CHC-210639,sameas,GRID lookup
XI-GRID-grid.472669.8,GB-CHC-1133507,sameas,GRID lookup
XI-GRID-grid.473575.7,GB-CHC-214440,sameas,GRID lookup
XI-GRID-grid.473577.5,GB-CHC-1121861,sameas,GRID lookup
XI-GRID-grid.473707.0,GB-CHC-299436,sameas,GRID lookup
XI-GRID-grid.473729.c,GB-CHC-1146244,sameas,GRID lookup
XI-GRID-grid.473763.2,GB-CHC-1112708,sameas,GRID lookup
XI-GRID-grid.473765.4,GB-CHC-1107350,sameas,GRID lookup
XI-GRID-grid.473889.9,GB-CHC-1012361,sameas,GRID lookup
XI-GRID-grid.474099.7,GB-CHC-313743,sameas,GRID lookup
XI-GRID-grid.474116.1,GB-CHC-1107708,sameas,GRID lookup
XI-GRID-grid.474126.2,GB-CHC-801130,sameas,GRID lookup
XI-GRID-grid.474202.7,GB-CHC-206862,sameas,GRID lookup
XI-GRID-grid.474625.6,GB-CHC-1081949,sameas,GRID lookup
XI-GRID-grid.475024.0,GB-CHC-1105412,sameas,GRID lookup
XI-GRID-grid.475094.b,GB-CHC-268369,sameas,GRID lookup
XI-GRID-grid.475100.7,GB-CHC-1125751,sameas,GRID lookup
XI-GRID-grid.475101.6,GB-CHC-278720,sameas,GRID lookup
XI-GRID-grid.475115.3,GB-CHC-1139079,sameas,GRID lookup
XI-GRID-grid.475125.0,GB-CHC-1039404,sameas,GRID lookup
XI-GRID-grid.475145.6,GB-CHC-326901,sameas,GRID lookup
XI-GRID-grid.475220.6,GB-CHC-1113263,sameas,GRID lookup
XI-GRID-grid.475236.1,GB-CHC-1143018,sameas,GRID lookup
XI-GRID-grid.475252.3,GB-CHC-1116722,sameas,GRID lookup
XI-GRID-grid.475304.1,GB-CHC-1099776,sameas,GRID lookup
XI-GRID-grid.475363.0,GB-CHC-1115606,sameas,GRID lookup
XI-GRID-grid.475657.2,GB-CHC-313750,sameas,GRID lookup
XI-GRID-grid.475686.e,GB-CHC-1132422,sameas,GRID lookup
XI-GRID-grid.475979.1,GB-CHC-209169,sameas,GRID lookup
XI-GRID-grid.477494.d,GB-CHC-1108016,sameas,GRID lookup
XI-GRID-grid.477901.c,GB-CHC-1000013,sameas,GRID lookup
XI-GRID-grid.478220.b,GB-CHC-278689,sameas,GRID lookup
XI-GRID-grid.478468.1,GB-CHC-282553,sameas,GRID lookup
XI-GRID-grid.478473.b,GB-CHC-205666,sameas,GRID lookup
XI-GRID-grid.478474.c,GB-CHC-1136842,sameas,GRID lookup
XI-GRID-grid.478475.d,GB-CHC-1151260,sameas,GRID lookup
XI-GRID-grid.478476.e,GB-CHC-243589,sameas,GRID lookup
XI-GRID-grid.478478.0,GB-CHC-276503,sameas,GRID lookup
XI-GRID-grid.478484.3,GB-CHC-1024811,sameas,GRID lookup
XI-GRID-grid.478485.2,GB-CHC-258583,sameas,GRID lookup
XI-GRID-grid.478487.0,GB-CHC-265816,sameas,GRID lookup
XI-GRID-grid.478495.3,GB-CHC-299756,sameas,GRID lookup
XI-GRID-grid.478498.e,GB-CHC-1179467,sameas,GRID lookup
XI-GRID-grid.478502.c,GB-CHC-1171659,sameas,GRID lookup
XI-GRID-grid.478507.9,GB-CHC-258854,sameas,GRID lookup
XI-GRID-grid.478509.7,GB-CHC-267625,sameas,GRID lookup
XI-GRID-grid.478511.e,GB-CHC-1143782,sameas,GRID lookup
XI-GRID-grid.478512.d,GB-CHC-264385,sameas,GRID lookup
XI-GRID-grid.478513.c,GB-CHC-1084908,sameas,GRID lookup
XI-GRID-grid.478514.b,GB-CHC-1006391,sameas,GRID lookup
XI-GRID-grid.478565.d,GB-CHC-326812,sameas,GRID lookup
XI-GRID-grid.478569.1,GB-CHC-1076925,sameas,GRID lookup
XI-GRID-grid.478575.c,GB-CHC-1167290,sameas,GRID lookup
XI-GRID-grid.478670.a,GB-CHC-1067331,sameas,GRID lookup
XI-GRID-grid.478733.c,GB-CHC-1169897,sameas,GRID lookup
XI-GRID-grid.478774.f,GB-CHC-1063491,sameas,GRID lookup
XI-GRID-grid.478926.6,GB-CHC-1079456,sameas,GRID lookup
XI-GRID-grid.479021.9,GB-CHC-229229,sameas,GRID lookup
XI-GRID-grid.479039.0,GB-CHC-1134579,sameas,GRID lookup
XI-GRID-grid.479372.c,GB-CHC-1100273,sameas,GRID lookup
XI-GRID-grid.479470.9,GB-CHC-265543,sameas,GRID lookup
XI-GRID-grid.479492.5,GB-CHC-1127488,sameas,GRID lookup
XI-GRID-grid.479496.1,GB-CHC-1114109,sameas,GRID lookup
XI-GRID-grid.479500.f,GB-CHC-1091450,sameas,GRID lookup
XI-GRID-grid.479517.9,GB-CHC-1042733,sameas,GRID lookup
XI-GRID-grid.479789.c,GB-CHC-264114,sameas,GRID lookup
XI-GRID-grid.479809.b,GB-SC-SC007856,sameas,GRID lookup
XI-GRID-grid.479885.f,GB-CHC-1042574,sameas,GRID lookup
XI-GRID-grid.479937.7,GB-CHC-267779,sameas,GRID lookup
XI-GRID-grid.479966.3,GB-CHC-1078635,sameas,GRID lookup
XI-GRID-grid.480484.4,GB-CHC-293108,sameas,GRID lookup
XI-GRID-grid.480488.8,GB-CHC-1151315,sameas,GRID lookup
XI-GRID-grid.480522.9,GB-CHC-1082082,sameas,GRID lookup
XI-GRID-grid.480530.a,GB-CHC-1094086,sameas,GRID lookup
XI-GRID-grid.480531.b,GB-CHC-1069598,sameas,GRID lookup
XI-GRID-grid.480572.c,GB-CHC-1107583,sameas,GRID lookup
XI-GRID-grid.480763.e,GB-CHC-220509,sameas,GRID lookup
XI-GRID-grid.480842.2,GB-CHC-262191,sameas,GRID lookup
XI-GRID-grid.480881.d,GB-CHC-801279,sameas,GRID lookup
XI-GRID-grid.480928.f,GB-CHC-1139916,sameas,GRID lookup
XI-GRID-grid.480944.5,GB-CHC-1105321,sameas,GRID lookup
XI-GRID-grid.480946.7,GB-CHC-205395,sameas,GRID lookup
XI-GRID-grid.480970.2,GB-CHC-1141036,sameas,GRID lookup
XI-GRID-grid.480972.0,GB-CHC-256025,sameas,GRID lookup
XI-GRID-grid.480973.1,GB-CHC-1156227,sameas,GRID lookup
XI-GRID-grid.480982.f,GB-CHC-1168330,sameas,GRID lookup
XI-GRID-grid.480987.a,GB-CHC-1137689,sameas,GRID lookup
XI-GRID-grid.480991.d,GB-CHC-1155322,sameas,GRID lookup
XI-GRID-grid.481008.5,GB-CHC-256768,sameas,GRID lookup
XI-GRID-grid.481059.1,GB-CHC-1102927,sameas,GRID lookup
XI-GRID-grid.481089.c,GB-CHC-219952,sameas,GRID lookup
XI-GRID-grid.481152.b,GB-CHC-1075316,sameas,GRID lookup
XI-GRID-grid.481161.b,GB-CHC-1093910,sameas,GRID lookup
XI-GRID-grid.481174.f,GB-CHC-1037087,sameas,GRID lookup
XI-GRID-grid.481185.1,GB-CHC-1073178,sameas,GRID lookup
XI-GRID-grid.481197.2,GB-CHC-1139869,sameas,GRID lookup
XI-GRID-grid.481204.b,GB-CHC-800952,sameas,GRID lookup
XI-GRID-grid.481274.c,GB-CHC-1122688,sameas,GRID lookup
XI-GRID-grid.481336.b,GB-CHC-1125038,sameas,GRID lookup
XI-GRID-grid.481343.9,GB-CHC-1169753,sameas,GRID lookup
XI-GRID-grid.481454.8,GB-CHC-1128683,sameas,GRID lookup
XI-GRID-grid.481486.7,GB-CHC-281014,sameas,GRID lookup
XI-GRID-grid.481502.a,GB-CHC-1145119,sameas,GRID lookup
XI-GRID-grid.481507.f,GB-CHC-274839,sameas,GRID lookup
XI-GRID-grid.481510.9,GB-CHC-1064144,sameas,GRID lookup
XI-GRID-grid.481536.d,GB-CHC-1081455,sameas,GRID lookup
XI-GRID-grid.481896.a,GB-CHC-1121258,sameas,GRID lookup
XI-GRID-grid.483520.8,GB-CHC-277503,sameas,GRID lookup
XI-GRID-grid.483776.9,GB-CHC-326568,sameas,GRID lookup
XI-GRID-grid.483791.0,GB-CHC-1071026,sameas,GRID lookup
XI-GRID-grid.483839.d,GB-CHC-265166,sameas,GRID lookup
XI-GRID-grid.483849.a,GB-CHC-1071752,sameas,GRID lookup
XI-GRID-grid.483858.a,GB-CHC-1051496,sameas,GRID lookup
XI-GRID-grid.483941.3,GB-CHC-289600,sameas,GRID lookup
XI-GRID-grid.484012.b,GB-CHC-212563,sameas,GRID lookup
XI-GRID-grid.484031.a,GB-CHC-1087195,sameas,GRID lookup
XI-GRID-grid.484096.7,GB-CHC-1146355,sameas,GRID lookup
XI-GRID-grid.484108.1,GB-CHC-1142111,sameas,GRID lookup
XI-GRID-grid.484156.a,GB-CHC-1179130,sameas,GRID lookup
XI-GRID-grid.484216.d,GB-CHC-1127049,sameas,GRID lookup
XI-GRID-grid.484226.e,GB-CHC-1123611,sameas,GRID lookup
XI-GRID-grid.484431.e,GB-SC-SC023988,sameas,GRID lookup
XI-GRID-grid.484432.d,GB-CHC-261017,sameas,GRID lookup
XI-GRID-grid.484575.f,GB-CHC-290185,sameas,GRID lookup
XI-GRID-grid.484576.c,GB-CHC-274206,sameas,GRID lookup
XI-GRID-grid.484705.a,GB-SC-SC009675,sameas,GRID lookup
XI-GRID-grid.484713.d,GB-CHC-1117535,sameas,GRID lookup
XI-GRID-grid.484740.b,GB-CHC-206658,sameas,GRID lookup
XI-GRID-grid.485476.c,GB-CHC-1175877,sameas,GRID lookup
XI-GRID-grid.485672.a,GB-CHC-1140679,sameas,GRID lookup
XI-GRID-grid.486623.d,GB-CHC-284286,sameas,GRID lookup
XI-GRID-grid.486748.1,GB-CHC-256335,sameas,GRID lookup
XI-GRID-grid.487132.b,GB-CHC-1076992,sameas,GRID lookup
XI-GRID-grid.487145.b,GB-CHC-1094705,sameas,GRID lookup
XI-GRID-grid.487235.f,GB-CHC-1111709,sameas,GRID lookup
XI-GRID-grid.487316.f,GB-CHC-1080540,sameas,GRID lookup
XI-GRID-grid.487367.9,GB-CHC-263424,sameas,GRID lookup
XI-GRID-grid.487386.6,GB-CHC-1091708,sameas,GRID lookup
XI-GRID-grid.487399.8,GB-CHC-285822,sameas,GRID lookup
XI-GRID-grid.487454.e,GB-CHC-1059922,sameas,GRID lookup
XI-GRID-grid.489200.7,GB-CHC-1127115,sameas,GRID lookup
XI-GRID-grid.489465.2,GB-CHC-299012,sameas,GRID lookup
XI-GRID-grid.489481.8,GB-CHC-1127044,sameas,GRID lookup
XI-GRID-grid.489488.1,GB-CHC-1138385,sameas,GRID lookup
XI-GRID-grid.489493.b,GB-CHC-1093321,sameas,GRID lookup
XI-GRID-grid.489500.0,GB-CHC-270288,sameas,GRID lookup
XI-GRID-grid.489502.2,GB-CHC-1075720,sameas,GRID lookup
XI-GRID-grid.489504.4,GB-CHC-296198,sameas,GRID lookup
XI-GRID-grid.489507.7,GB-CHC-1084852,sameas,GRID lookup
XI-GRID-grid.489509.9,GB-CHC-1011145,sameas,GRID lookup
XI-GRID-grid.489841.8,GB-CHC-1110415,sameas,GRID lookup
XI-GRID-grid.489854.c,GB-CHC-1071732,sameas,GRID lookup
XI-GRID-grid.490632.a,GB-CHC-1100559,sameas,GRID lookup
XI-GRID-grid.490720.8,GB-SC-SC033546,sameas,GRID lookup
XI-GRID-grid.490753.c,GB-CHC-1060308,sameas,GRID lookup
XI-GRID-grid.490770.d,GB-CHC-1100393,sameas,GRID lookup
XI-GRID-grid.490777.a,GB-CHC-1156204,sameas,GRID lookup
XI-GRID-grid.490815.1,GB-CHC-1060714,sameas,GRID lookup
XI-GRID-grid.490893.f,GB-SC-SC011199,sameas,GRID lookup
XI-GRID-grid.490985.9,GB-CHC-1091043,sameas,GRID lookup
XI-GRID-grid.491002.e,GB-CHC-1152876,sameas,GRID lookup
XI-GRID-grid.491007.b,GB-CHC-1081214,sameas,GRID lookup
XI-GRID-grid.491036.9,GB-SC-SC016816,sameas,GRID lookup
XI-GRID-grid.491044.c,GB-CHC-1126568,sameas,GRID lookup
XI-GRID-grid.491059.0,GB-CHC-1173589,sameas,GRID lookup
XI-GRID-grid.492099.f,GB-CHC-1076356,sameas,GRID lookup
XI-GRID-grid.493132.e,GB-CHC-1024741,sameas,GRID lookup
XI-GRID-grid.493135.9,GB-SC-SC029163,sameas,GRID lookup
XI-GRID-grid.493136.a,GB-CHC-1001127,sameas,GRID lookup
XI-GRID-grid.493175.d,GB-CHC-1134713,sameas,GRID lookup
XI-GRID-grid.493217.a,GB-CHC-290350,sameas,GRID lookup
XI-GRID-grid.493220.e,GB-CHC-244067,sameas,GRID lookup
XI-GRID-grid.493221.f,GB-CHC-1037771,sameas,GRID lookup
XI-GRID-grid.493250.9,GB-CHC-1061593,sameas,GRID lookup
XI-GRID-grid.493333.d,GB-CHC-1166869,sameas,GRID lookup
XI-GRID-grid.493371.b,GB-CHC-1031721,sameas,GRID lookup
XI-GRID-grid.493392.6,GB-CHC-214379,sameas,GRID lookup
XI-GRID-grid.493393.7,GB-CHC-800065,sameas,GRID lookup
XI-GRID-grid.493394.0,GB-CHC-206882,sameas,GRID lookup
XI-GRID-grid.493469.5,GB-CHC-1092778,sameas,GRID lookup
XI-GRID-grid.493518.2,GB-CHC-1002462,sameas,GRID lookup
XI-GRID-grid.493873.2,GB-CHC-1029888,sameas,GRID lookup
XI-GRID-grid.494013.b,GB-CHC-264289,sameas,GRID lookup
XI-GRID-grid.494068.7,GB-CHC-1160384,sameas,GRID lookup
XI-GRID-grid.494256.8,GB-CHC-1070942,sameas,GRID lookup
XI-GRID-grid.494425.a,GB-CHC-1014851,sameas,GRID lookup
XI-GRID-grid.494444.d,GB-SC-SC040872,sameas,GRID lookup
XI-GRID-grid.494497.3,GB-CHC-1045411,sameas,GRID lookup
XI-GRID-grid.494593.6,GB-CHC-1149979,sameas,GRID lookup
XI-GRID-grid.494631.d,GB-CHC-1079943,sameas,GRID lookup
XI-GRID-grid.494643.8,GB-CHC-279057,sameas,GRID lookup
XI-GRID-grid.494649.2,GB-CHC-1085443,sameas,GRID lookup
XI-GRID-grid.494669.0,GB-CHC-1006826,sameas,GRID lookup
XI-GRID-grid.495711.f,GB-CHC-1157884,sameas,GRID lookup
XI-GRID-grid.495712.c,GB-CHC-1159590,sameas,GRID lookup
XI-GRID-grid.495715.b,GB-CHC-297965,sameas,GRID lookup
XI-GRID-grid.495716.8,GB-CHC-1153487,sameas,GRID lookup
XI-GRID-grid.495717.9,GB-CHC-298361,sameas,GRID lookup
XI-GRID-grid.495718.6,GB-CHC-1101571,sameas,GRID lookup
XI-GRID-grid.495719.7,GB-CHC-1174127,sameas,GRID lookup
XI-GRID-grid.495721.c,GB-CHC-272100,sameas,GRID lookup
XI-GRID-grid.495722.f,GB-CHC-327493,sameas,GRID lookup
XI-GRID-grid.495724.9,GB-CHC-1055375,sameas,GRID lookup
XI-GRID-grid.495725.8,GB-CHC-1137029,sameas,GRID lookup
XI-GRID-grid.495727.a,GB-CHC-234343,sameas,GRID lookup
XI-GRID-grid.495729.4,GB-CHC-295716,sameas,GRID lookup
XI-GRID-grid.495733.f,GB-CHC-1001198,sameas,GRID lookup
XI-GRID-grid.495734.8,GB-CHC-1137652,sameas,GRID lookup
XI-GRID-grid.495735.9,GB-CHC-1156027,sameas,GRID lookup
XI-GRID-grid.495736.a,GB-CHC-1180666,sameas,GRID lookup
XI-GRID-grid.495737.b,GB-CHC-299811,sameas,GRID lookup
XI-GRID-grid.495738.4,GB-CHC-1003899,sameas,GRID lookup
XI-GRID-grid.495739.5,GB-CHC-1136809,sameas,GRID lookup
XI-GRID-grid.495740.b,GB-CHC-299679,sameas,GRID lookup
XI-GRID-grid.495741.a,GB-CHC-1167685,sameas,GRID lookup
XI-GRID-grid.495742.9,GB-CHC-1167073,sameas,GRID lookup
XI-GRID-grid.495743.8,GB-CHC-1114579,sameas,GRID lookup
XI-GRID-grid.495744.f,GB-SC-SC025619,sameas,GRID lookup
XI-GRID-grid.495746.d,GB-CHC-1078666,sameas,GRID lookup
XI-GRID-grid.495747.c,GB-CHC-1003317,sameas,GRID lookup
XI-GRID-grid.497297.6,GB-CHC-207471,sameas,GRID lookup
XI-GRID-grid.497308.1,GB-CHC-1088128,sameas,GRID lookup
XI-GRID-grid.497321.a,GB-CHC-1089490,sameas,GRID lookup
XI-GRID-grid.497337.d,GB-SC-SC002061,sameas,GRID lookup
XI-GRID-grid.497341.c,GB-CHC-239992,sameas,GRID lookup
XI-GRID-grid.497885.f,GB-CHC-294230,sameas,GRID lookup
XI-GRID-grid.497903.0,GB-CHC-1170634,sameas,GRID lookup
XI-GRID-grid.497937.7,GB-CHC-1097940,sameas,GRID lookup
XI-GRID-grid.497954.2,GB-CHC-216250,sameas,GRID lookup
XI-GRID-grid.497972.6,GB-CHC-1049160,sameas,GRID lookup
XI-GRID-grid.498028.f,GB-CHC-1016122,sameas,GRID lookup
XI-GRID-grid.498040.1,GB-CHC-1106240,sameas,GRID lookup
XI-GRID-grid.498053.3,GB-CHC-1136624,sameas,GRID lookup
XI-GRID-grid.498055.5,GB-CHC-1082215,sameas,GRID lookup
XI-GRID-grid.498056.6,GB-CHC-1146792,sameas,GRID lookup
XI-GRID-grid.498059.9,GB-CHC-1107144,sameas,GRID lookup
XI-GRID-grid.498063.0,GB-CHC-1143189,sameas,GRID lookup
XI-GRID-grid.498128.e,GB-CHC-1092236,sameas,GRID lookup
XI-GRID-grid.498129.f,GB-CHC-1074546,sameas,GRID lookup
XI-GRID-grid.498153.2,GB-CHC-1017658,sameas,GRID lookup
XI-GRID-grid.498171.2,GB-CHC-1138498,sameas,GRID lookup
XI-GRID-grid.498175.6,GB-CHC-1123432,sameas,GRID lookup
XI-GRID-grid.498220.5,GB-CHC-297716,sameas,GRID lookup
XI-GRID-grid.498248.b,GB-CHC-1126253,sameas,GRID lookup
XI-GRID-grid.498249.a,GB-CHC-1152605,sameas,GRID lookup
XI-GRID-grid.498279.9,GB-CHC-1123588,sameas,GRID lookup
XI-GRID-grid.498282.d,GB-CHC-280422,sameas,GRID lookup
XI-GRID-grid.498349.b,GB-CHC-288180,sameas,GRID lookup
XI-GRID-grid.498351.2,GB-SC-SC034054,sameas,GRID lookup
XI-GRID-grid.498356.5,GB-CHC-1112094,sameas,GRID lookup
XI-GRID-grid.498364.4,GB-CHC-1094793,sameas,GRID lookup
XI-GRID-grid.498366.6,GB-CHC-1120261,sameas,GRID lookup
XI-GRID-grid.498371.0,GB-CHC-1158683,sameas,GRID lookup
XI-GRID-grid.498408.9,GB-CHC-1008100,sameas,GRID lookup
XI-GRID-grid.498424.7,GB-CHC-210729,sameas,GRID lookup
XI-GRID-grid.498431.3,GB-CHC-1045395,sameas,GRID lookup
XI-GRID-grid.498436.4,GB-SC-SC039605,sameas,GRID lookup
XI-GRID-grid.498450.4,GB-CHC-233392,sameas,GRID lookup
XI-GRID-grid.498465.2,GB-CHC-1010786,sameas,GRID lookup
XI-GRID-grid.498474.2,GB-CHC-1080496,sameas,GRID lookup
XI-GRID-grid.499383.c,GB-CHC-218186,sameas,GRID lookup
XI-GRID-grid.499384.b,GB-SC-SC024047,sameas,GRID lookup
XI-GRID-grid.499391.f,GB-CHC-529193,sameas,GRID lookup
XI-GRID-grid.499398.6,GB-CHC-269425,sameas,GRID lookup
XI-GRID-grid.499403.3,GB-CHC-258825,sameas,GRID lookup
XI-GRID-grid.499409.9,GB-CHC-290511,sameas,GRID lookup
XI-GRID-grid.499410.1,GB-CHC-1121642,sameas,GRID lookup
XI-GRID-grid.499413.2,GB-CHC-1125746,sameas,GRID lookup
XI-GRID-grid.499431.2,GB-CHC-1116670,sameas,GRID lookup
XI-GRID-grid.499443.7,GB-CHC-1143574,sameas,GRID lookup
XI-GRID-grid.499451.4,GB-SC-SC047892,sameas,GRID lookup
XI-GRID-grid.499465.3,GB-CHC-283660,sameas,GRID lookup
XI-GRID-grid.499466.0,GB-CHC-1014576,sameas,GRID lookup
XI-GRID-grid.499474.3,GB-CHC-1051096,sameas,GRID lookup
XI-GRID-grid.499481.9,GB-CHC-1141636,sameas,GRID lookup
XI-GRID-grid.499484.c,GB-CHC-271028,sameas,GRID lookup
XI-GRID-grid.499487.f,GB-CHC-1062764,sameas,GRID lookup
XI-GRID-grid.499489.1,GB-SC-SC040614,sameas,GRID lookup
XI-GRID-grid.499495.c,GB-SC-SC023311,sameas,GRID lookup
XI-GRID-grid.499497.e,GB-SC-SC008639,sameas,GRID lookup
XI-GRID-grid.499500.1,GB-CHC-1125949,sameas,GRID lookup
XI-GRID-grid.499501.0,GB-SC-SC005792,sameas,GRID lookup
XI-GRID-grid.499502.3,GB-CHC-306096,sameas,GRID lookup
XI-GRID-grid.499503.2,GB-CHC-1000971,sameas,GRID lookup
XI-GRID-grid.499514.4,GB-CHC-1146170,sameas,GRID lookup
XI-GRID-grid.499530.2,GB-CHC-209302,sameas,GRID lookup
XI-GRID-grid.499538.a,GB-CHC-265464,sameas,GRID lookup
XI-GRID-grid.499544.1,GB-CHC-288527,sameas,GRID lookup
XI-GRID-grid.499545.0,GB-CHC-211869,sameas,GRID lookup
XI-GRID-grid.499549.c,GB-CHC-294344,sameas,GRID lookup
XI-GRID-grid.499561.6,GB-CHC-267426,sameas,GRID lookup
XI-GRID-grid.499563.4,GB-CHC-1059686,sameas,GRID lookup
XI-GRID-grid.499573.5,GB-CHC-1030884,sameas,GRID lookup
XI-GRID-grid.499577.1,GB-CHC-1107918,sameas,GRID lookup
XI-GRID-grid.499578.e,GB-CHC-1099808,sameas,GRID lookup
XI-GRID-grid.499579.f,GB-CHC-1016968,sameas,GRID lookup
XI-GRID-grid.499586.f,GB-CHC-1092466,sameas,GRID lookup
XI-GRID-grid.499588.1,GB-CHC-513238,sameas,GRID lookup
XI-GRID-grid.499591.9,GB-CHC-285575,sameas,GRID lookup
XI-GRID-grid.499599.1,GB-CHC-1122400,sameas,GRID lookup
XI-GRID-grid.499610.3,GB-CHC-280537,sameas,GRID lookup
XI-GRID-grid.499621.1,GB-CHC-1042760,sameas,GRID lookup
XI-GRID-grid.499622.2,GB-CHC-1019299,sameas,GRID lookup
XI-GRID-grid.499627.7,GB-SC-SC027690,sameas,GRID lookup
XI-GRID-grid.499650.7,GB-CHC-1021882,sameas,GRID lookup
XI-GRID-grid.499653.4,GB-CHC-1044344,sameas,GRID lookup
XI-GRID-grid.499663.7,GB-CHC-1165528,sameas,GRID lookup
XI-GRID-grid.499664.0,GB-CHC-1125150,sameas,GRID lookup
XI-GRID-grid.499666.2,GB-CHC-1003279,sameas,GRID lookup
XI-GRID-grid.499669.d,GB-CHC-299123,sameas,GRID lookup
XI-GRID-grid.499676.3,GB-CHC-1089257,sameas,GRID lookup
XI-GRID-grid.499691.a,GB-SC-SC033833,sameas,GRID lookup
XI-GRID-grid.499699.2,GB-CHC-1115476,sameas,GRID lookup
XI-GRID-grid.499701.2,GB-SC-SC033375,sameas,GRID lookup
XI-GRID-grid.499714.6,GB-CHC-1147014,sameas,GRID lookup
XI-GRID-grid.499732.2,GB-CHC-1137209,sameas,GRID lookup
XI-GRID-grid.499745.2,GB-CHC-204330,sameas,GRID lookup
XI-GRID-grid.499750.6,GB-CHC-1171112,sameas,GRID lookup
XI-GRID-grid.499753.5,GB-CHC-1168300,sameas,GRID lookup
XI-GRID-grid.499760.5,GB-CHC-1125002,sameas,GRID lookup
XI-GRID-grid.499765.0,GB-SC-SC029031,sameas,GRID lookup
XI-GRID-grid.499772.6,GB-CHC-1002307,sameas,GRID lookup
XI-GRID-grid.499774.0,GB-CHC-281330,sameas,GRID lookup
XI-GRID-grid.499776.2,GB-SC-SC030189,sameas,GRID lookup
XI-GRID-grid.499780.b,GB-CHC-264591,sameas,GRID lookup
XI-GRID-grid.499788.3,GB-CHC-212025,sameas,GRID lookup
XI-GRID-grid.499792.8,GB-CHC-248874,sameas,GRID lookup
XI-GRID-grid.499802.e,GB-CHC-1110621,sameas,GRID lookup
XI-GRID-grid.499804.8,GB-CHC-1134456,sameas,GRID lookup
XI-GRID-grid.499806.a,GB-CHC-1080235,sameas,GRID lookup
XI-GRID-grid.499808.4,GB-CHC-1113476,sameas,GRID lookup
XI-GRID-grid.499810.d,GB-CHC-1031687,sameas,GRID lookup
XI-GRID-grid.499811.c,GB-CHC-201555,sameas,GRID lookup
XI-GRID-grid.499812.f,GB-CHC-278861,sameas,GRID lookup
XI-GRID-grid.499824.a,GB-CHC-1115634,sameas,GRID lookup
XI-GRID-grid.499829.7,GB-CHC-251588,sameas,GRID lookup
XI-GRID-grid.499830.f,GB-CHC-1060369,sameas,GRID lookup
XI-GRID-grid.499836.9,GB-CHC-1119841,sameas,GRID lookup
XI-GRID-grid.499839.6,GB-CHC-1121067,sameas,GRID lookup
XI-GRID-grid.499845.d,GB-CHC-1118602,sameas,GRID lookup
XI-GRID-grid.499846.e,GB-CHC-1110315,sameas,GRID lookup
XI-GRID-grid.499847.f,GB-CHC-1151939,sameas,GRID lookup
XI-GRID-grid.499849.1,GB-CHC-1092698,sameas,GRID lookup
XI-GRID-grid.499862.8,GB-CHC-1146322,sameas,GRID lookup
XI-GRID-grid.499873.8,GB-CHC-328091,sameas,GRID lookup
XI-GRID-grid.499879.2,GB-SC-SC012497,sameas,GRID lookup
XI-GRID-grid.499886.2,GB-CHC-1043409,sameas,GRID lookup
XI-GRID-grid.499889.d,GB-CHC-279393,sameas,GRID lookup
XI-GRID-grid.499890.5,GB-CHC-1100530,sameas,GRID lookup
XI-GRID-grid.499901.c,GB-SC-SC011153,sameas,GRID lookup
XI-GRID-grid.499906.b,GB-CHC-1004200,sameas,GRID lookup
XI-GRID-grid.499917.b,GB-CHC-1123315,sameas,GRID lookup
XI-GRID-grid.499929.6,GB-SC-SC034231,sameas,GRID lookup
XI-GRID-grid.499936.8,GB-SC-SC038915,sameas,GRID lookup
XI-GRID-grid.499947.e,GB-CHC-290069,sameas,GRID lookup
XI-GRID-grid.499957.f,GB-CHC-1061474,sameas,GRID lookup
XI-GRID-grid.499986.3,GB-SC-SC024115,sameas,GRID lookup
XI-GRID-grid.499988.d,GB-SC-SC033272,sameas,GRID lookup
XI-GRID-grid.499989.c,GB-CHC-305999,sameas,GRID lookup
XI-GRID-grid.500019.d,GB-CHC-1083405,sameas,GRID lookup
XI-GRID-grid.500081.c,GB-SC-SC038374,sameas,GRID lookup
XI-GRID-grid.500103.7,GB-CHC-1167403,sameas,GRID lookup
XI-GRID-grid.500108.c,GB-CHC-1087375,sameas,GRID lookup
XI-GRID-grid.500119.c,GB-CHC-1125769,sameas,GRID lookup
XI-GRID-grid.500122.4,GB-CHC-312278,sameas,GRID lookup
XI-GRID-grid.500144.4,GB-SC-SC031247,sameas,GRID lookup
XI-GRID-grid.500151.0,GB-SC-SC007233,sameas,GRID lookup
XI-GRID-grid.500156.7,GB-SC-SC037820,sameas,GRID lookup
XI-GRID-grid.500159.8,GB-CHC-1158439,sameas,GRID lookup
XI-GRID-grid.500177.4,GB-SC-SC003740,sameas,GRID lookup
XI-GRID-grid.500185.9,GB-SC-SC024299,sameas,GRID lookup
XI-GRID-grid.500186.a,GB-CHC-1091364,sameas,GRID lookup
XI-GRID-grid.500190.d,GB-SC-SC001667,sameas,GRID lookup
XI-GRID-grid.500194.9,GB-CHC-1089110,sameas,GRID lookup
XI-GRID-grid.500205.2,GB-CHC-232580,sameas,GRID lookup
XI-GRID-grid.500214.2,GB-CHC-1141475,sameas,GRID lookup
XI-GRID-grid.500215.3,GB-CHC-1165209,sameas,GRID lookup
XI-GRID-grid.500216.0,GB-CHC-313168,sameas,GRID lookup
XI-GRID-grid.500220.5,GB-SC-SC010307,sameas,GRID lookup
XI-GRID-grid.500223.6,GB-CHC-1020192,sameas,GRID lookup
XI-GRID-grid.500228.d,GB-SC-SC010204,sameas,GRID lookup
XI-GRID-grid.500234.0,GB-CHC-1149652,sameas,GRID lookup
XI-GRID-grid.500267.6,GB-CHC-1124590,sameas,GRID lookup
XI-GRID-grid.500276.6,GB-CHC-287527,sameas,GRID lookup
XI-GRID-grid.500286.9,GB-CHC-257133,sameas,GRID lookup
XI-GRID-grid.500318.f,GB-CHC-1114403,sameas,GRID lookup
XI-GRID-grid.500320.4,GB-CHC-517817,sameas,GRID lookup
XI-GRID-grid.500325.1,GB-CHC-250380,sameas,GRID lookup
XI-GRID-grid.500329.d,GB-CHC-1108380,sameas,GRID lookup
XI-GRID-grid.500330.5,GB-CHC-1092892,sameas,GRID lookup
XI-GRID-grid.500343.1,GB-CHC-1121681,sameas,GRID lookup
XI-GRID-grid.500345.7,GB-CHC-257303,sameas,GRID lookup
XI-GRID-grid.500374.5,GB-CHC-1030406,sameas,GRID lookup
XI-GRID-grid.500414.4,GB-CHC-1091747,sameas,GRID lookup
XI-GRID-grid.500431.3,GB-CHC-1176989,sameas,GRID lookup
XI-GRID-grid.500453.7,GB-CHC-1133313,sameas,GRID lookup
XI-GRID-grid.500456.2,GB-CHC-1150791,sameas,GRID lookup
XI-GRID-grid.500459.d,GB-CHC-1124408,sameas,GRID lookup
XI-GRID-grid.500461.6,GB-CHC-1149787,sameas,GRID lookup
XI-GRID-grid.500463.4,GB-CHC-1013211,sameas,GRID lookup
XI-GRID-grid.500471.7,GB-CHC-1112895,sameas,GRID lookup
XI-GRID-grid.500493.b,GB-CHC-216066,sameas,GRID lookup
XI-GRID-grid.500497.f,GB-CHC-1088588,sameas,GRID lookup
XI-GRID-grid.500503.3,GB-CHC-1120222,sameas,GRID lookup
XI-GRID-grid.500505.5,GB-CHC-515599,sameas,GRID lookup
XI-GRID-grid.500508.8,GB-CHC-1135141,sameas,GRID lookup
XI-GRID-grid.500514.5,GB-CHC-1063053,sameas,GRID lookup
XI-GRID-grid.500517.6,GB-CHC-528979,sameas,GRID lookup
XI-GRID-grid.500523.1,GB-CHC-1024761,sameas,GRID lookup
XI-GRID-grid.500525.7,GB-SC-SC039891,sameas,GRID lookup
XI-GRID-grid.500536.5,GB-CHC-1135668,sameas,GRID lookup
XI-GRID-grid.500543.7,GB-CHC-1113680,sameas,GRID lookup
XI-GRID-grid.500549.d,GB-CHC-1076829,sameas,GRID lookup
XI-GRID-grid.500562.4,GB-CHC-1023150,sameas,GRID lookup
XI-GRID-grid.500572.5,GB-CHC-270901,sameas,GRID lookup
XI-GRID-grid.500579.e,GB-CHC-801395,sameas,GRID lookup
XI-GRID-grid.500588.0,GB-SC-SC025995,sameas,GRID lookup
XI-GRID-grid.500590.9,GB-CHC-1009671,sameas,GRID lookup
XI-GRID-grid.500593.a,GB-SC-SC015593,sameas,GRID lookup
XI-GRID-grid.500596.f,GB-CHC-1068850,sameas,GRID lookup
XI-GRID-grid.500597.e,GB-CHC-1159846,sameas,GRID lookup
XI-GRID-grid.500599.0,GB-CHC-1154160,sameas,GRID lookup
XI-GRID-grid.500602.1,GB-CHC-1076346,sameas,GRID lookup
XI-GRID-grid.500629.8,GB-CHC-1125735,sameas,GRID lookup
XI-GRID-grid.500633.3,GB-CHC-274604,sameas,GRID lookup
XI-GRID-grid.500640.7,GB-CHC-249255,sameas,GRID lookup
XI-GRID-grid.500647.0,GB-CHC-1135980,sameas,GRID lookup
XI-GRID-grid.500657.1,GB-CHC-526770,sameas,GRID lookup
XI-GRID-grid.500659.f,GB-CHC-326704,sameas,GRID lookup
XI-GRID-grid.500663.6,GB-CHC-264209,sameas,GRID lookup
XI-GRID-grid.500664.1,GB-CHC-1095057,sameas,GRID lookup
XI-GRID-grid.500665.0,GB-CHC-1143623,sameas,GRID lookup
XI-GRID-grid.500666.3,GB-CHC-1016532,sameas,GRID lookup
XI-GRID-grid.500674.0,GB-CHC-1040801,sameas,GRID lookup
XI-GRID-grid.500681.a,GB-SC-SC041164,sameas,GRID lookup
XI-GRID-grid.500685.e,GB-CHC-1138867,sameas,GRID lookup
XI-GRID-grid.500704.6,GB-CHC-1058294,sameas,GRID lookup
XI-GRID-grid.500726.6,GB-SC-SC005561,sameas,GRID lookup
XI-GRID-grid.500727.7,GB-SC-SC003139,sameas,GRID lookup
XI-GRID-grid.500737.6,GB-CHC-1027029,sameas,GRID lookup
XI-GRID-grid.500741.7,GB-CHC-1068607,sameas,GRID lookup
XI-GRID-grid.500742.4,GB-CHC-1079675,sameas,GRID lookup
XI-GRID-grid.500744.2,GB-CHC-219278,sameas,GRID lookup
XI-GRID-grid.500747.1,GB-CHC-1035525,sameas,GRID lookup
XI-GRID-grid.500748.e,GB-SC-SC033751,sameas,GRID lookup
XI-GRID-grid.500750.7,GB-SC-SC038770,sameas,GRID lookup
XI-GRID-grid.500753.4,GB-CHC-248633,sameas,GRID lookup
XI-GRID-grid.500755.2,GB-CHC-1006733,sameas,GRID lookup
XI-GRID-grid.500764.0,GB-CHC-1151628,sameas,GRID lookup
XI-GRID-grid.500772.7,GB-SC-SC048601,sameas,GRID lookup
XI-GRID-grid.500775.0,GB-CHC-1093577,sameas,GRID lookup
XI-GRID-grid.500784.e,GB-CHC-1056021,sameas,GRID lookup
XI-GRID-grid.500788.2,GB-CHC-269442,sameas,GRID lookup
XI-GRID-grid.500791.a,GB-CHC-1129409,sameas,GRID lookup
XI-GRID-grid.500801.c,GB-CHC-1165716,sameas,GRID lookup
XI-GRID-grid.500812.e,GB-CHC-1002705,sameas,GRID lookup
XI-GRID-grid.500820.f,GB-CHC-1082820,sameas,GRID lookup
XI-GRID-grid.500822.d,GB-CHC-1127633,sameas,GRID lookup
XI-GRID-grid.500823.c,GB-SC-SC002970,sameas,GRID lookup
XI-GRID-grid.500829.6,GB-CHC-207823,sameas,GRID lookup
XI-GRID-grid.500831.f,GB-CHC-313728,sameas,GRID lookup
XI-GRID-grid.500836.8,GB-CHC-1075340,sameas,GRID lookup
XI-GRID-grid.500839.7,GB-CHC-1007726,sameas,GRID lookup
XI-GRID-grid.500854.c,GB-SC-SC008465,sameas,GRID lookup
XI-GRID-grid.500855.d,GB-CHC-285696,sameas,GRID lookup
XI-GRID-grid.500867.c,GB-CHC-296572,sameas,GRID lookup
XI-GRID-grid.500869.2,GB-CHC-287785,sameas,GRID lookup
XI-GRID-grid.500870.a,GB-CHC-1140827,sameas,GRID lookup
XI-GRID-grid.500873.9,GB-CHC-700638,sameas,GRID lookup
XI-GRID-grid.500874.e,GB-CHC-1174443,sameas,GRID lookup
XI-GRID-grid.500875.f,GB-CHC-1042287,sameas,GRID lookup
XI-GRID-grid.500878.2,GB-CHC-292664,sameas,GRID lookup
XI-GRID-grid.500883.6,GB-SC-SC022375,sameas,GRID lookup
XI-GRID-grid.500893.7,GB-SC-SC012569,sameas,GRID lookup
XI-GRID-grid.500897.3,GB-SC-SC038440,sameas,GRID lookup
XI-GRID-grid.500901.d,GB-CHC-1086812,sameas,GRID lookup
XI-GRID-grid.500903.f,GB-SC-SC013988,sameas,GRID lookup
XI-GRID-grid.500904.8,GB-CHC-1144426,sameas,GRID lookup
XI-GRID-grid.500907.b,GB-CHC-230888,sameas,GRID lookup
XI-GRID-grid.500917.a,GB-CHC-1115960,sameas,GRID lookup
XI-GRID-grid.500922.c,GB-CHC-1081874,sameas,GRID lookup
XI-GRID-grid.500925.b,GB-CHC-1186647,sameas,GRID lookup
XI-GRID-grid.500933.c,GB-CHC-1099202,sameas,GRID lookup
XI-GRID-grid.500942.a,GB-CHC-1129689,sameas,GRID lookup
XI-GRID-grid.500943.b,GB-CHC-202151,sameas,GRID lookup
XI-GRID-grid.500944.c,GB-CHC-1080879,sameas,GRID lookup
XI-GRID-grid.500948.0,GB-CHC-1114682,sameas,GRID lookup
XI-GRID-grid.500950.9,GB-CHC-254166,sameas,GRID lookup
XI-GRID-grid.500954.d,GB-CHC-1091000,sameas,GRID lookup
XI-GRID-grid.500957.e,GB-CHC-226912,sameas,GRID lookup
XI-GRID-grid.500958.1,GB-CHC-287762,sameas,GRID lookup
XI-GRID-grid.500960.a,GB-CHC-1121983,sameas,GRID lookup
XI-GRID-grid.500966.c,GB-CHC-1158791,sameas,GRID lookup
XI-GRID-grid.500971.a,GB-CHC-272384,sameas,GRID lookup
XI-GRID-grid.500972.9,GB-CHC-220756,sameas,GRID lookup
XI-GRID-grid.500973.8,GB-CHC-211348,sameas,GRID lookup
XI-GRID-grid.500978.3,GB-CHC-1145877,sameas,GRID lookup
XI-GRID-grid.500981.5,GB-CHC-1148645,sameas,GRID lookup
XI-GRID-grid.500982.6,GB-SC-SC042334,sameas,GRID lookup
XI-GRID-grid.500987.3,GB-CHC-1103890,sameas,GRID lookup
XI-GRID-grid.500992.7,GB-CHC-1141553,sameas,GRID lookup
XI-GRID-grid.500997.2,GB-CHC-1144565,sameas,GRID lookup
XI-GRID-grid.501003.7,GB-CHC-1128516,sameas,GRID lookup
XI-GRID-grid.501009.d,GB-CHC-1162081,sameas,GRID lookup
XI-GRID-grid.501011.4,GB-CHC-1017387,sameas,GRID lookup
XI-GRID-grid.501012.7,GB-CHC-258612,sameas,GRID lookup
XI-GRID-grid.501014.1,GB-CHC-1026765,sameas,GRID lookup
XI-GRID-grid.501015.0,GB-CHC-1107264,sameas,GRID lookup
XI-GRID-grid.501017.2,GB-CHC-1011086,sameas,GRID lookup
XI-GRID-grid.501023.5,GB-CHC-1139515,sameas,GRID lookup
XI-GRID-grid.501026.0,GB-CHC-208178,sameas,GRID lookup
XI-GRID-grid.501027.1,GB-SC-SC007658,sameas,GRID lookup
XI-GRID-grid.501031.6,GB-CHC-207324,sameas,GRID lookup
XI-GRID-grid.501033.4,GB-CHC-1172445,sameas,GRID lookup
XI-GRID-grid.501035.2,GB-CHC-1048370,sameas,GRID lookup
XI-GRID-grid.501036.1,GB-CHC-296453,sameas,GRID lookup
XI-GRID-grid.501037.0,GB-CHC-1145181,sameas,GRID lookup
XI-GRID-grid.501041.1,GB-CHC-1143397,sameas,GRID lookup
XI-GRID-grid.501042.2,GB-CHC-1167039,sameas,GRID lookup
XI-GRID-grid.501046.6,GB-CHC-1161545,sameas,GRID lookup
XI-GRID-grid.501049.9,GB-CHC-1106143,sameas,GRID lookup
XI-GRID-grid.501051.0,GB-CHC-1146192,sameas,GRID lookup
XI-GRID-grid.501052.3,GB-CHC-1108769,sameas,GRID lookup
XI-GRID-grid.501054.5,GB-CHC-510538,sameas,GRID lookup
XI-GRID-grid.501063.1,GB-CHC-1105460,sameas,GRID lookup
XI-GRID-grid.501065.7,GB-CHC-1041924,sameas,GRID lookup
XI-GRID-grid.501067.5,GB-CHC-1007183,sameas,GRID lookup
XI-GRID-grid.501069.b,GB-CHC-310885,sameas,GRID lookup
XI-GRID-grid.501070.3,GB-CHC-1070904,sameas,GRID lookup
XI-GRID-grid.501072.1,GB-CHC-266239,sameas,GRID lookup
XI-GRID-grid.501074.7,GB-CHC-1111259,sameas,GRID lookup
XI-GRID-grid.501080.c,GB-CHC-1100784,sameas,GRID lookup
XI-GRID-grid.501081.d,GB-CHC-213132,sameas,GRID lookup
XI-GRID-grid.501085.9,GB-CHC-1125383,sameas,GRID lookup
XI-GRID-grid.501086.a,GB-CHC-296615,sameas,GRID lookup
XI-GRID-grid.501091.c,GB-CHC-1107831,sameas,GRID lookup
XI-GRID-grid.501092.f,GB-CHC-1010360,sameas,GRID lookup
XI-GRID-grid.501102.7,GB-CHC-1159798,sameas,GRID lookup
XI-GRID-grid.501104.1,GB-CHC-1001363,sameas,GRID lookup
XI-GRID-grid.501105.0,GB-CHC-1116920,sameas,GRID lookup
XI-GRID-grid.501107.2,GB-CHC-1046243,sameas,GRID lookup
XI-GRID-grid.501108.d,GB-CHC-1024838,sameas,GRID lookup
XI-GRID-grid.501110.4,GB-CHC-1146813,sameas,GRID lookup
XI-GRID-grid.501119.d,GB-CHC-1110244,sameas,GRID lookup
XI-GRID-grid.501122.5,GB-CHC-1152960,sameas,GRID lookup
XI-GRID-grid.501125.2,GB-CHC-1110009,sameas,GRID lookup
XI-GRID-grid.501128.f,GB-CHC-1089239,sameas,GRID lookup
XI-GRID-grid.501129.e,GB-CHC-262485,sameas,GRID lookup
XI-GRID-grid.501133.5,GB-CHC-1160847,sameas,GRID lookup
XI-GRID-grid.501142.3,GB-SC-SC037018,sameas,GRID lookup
XI-GRID-grid.501146.7,GB-CHC-1110522,sameas,GRID lookup
XI-GRID-grid.501148.9,GB-CHC-1129263,sameas,GRID lookup
XI-GRID-grid.501150.0,GB-CHC-1143235,sameas,GRID lookup
XI-GRID-grid.501155.5,GB-SC-SC037343,sameas,GRID lookup
XI-GRID-grid.501156.6,GB-CHC-529009,sameas,GRID lookup
XI-GRID-grid.501164.7,GB-CHC-1158843,sameas,GRID lookup
XI-GRID-grid.501169.a,GB-CHC-1107358,sameas,GRID lookup
XI-GRID-grid.501183.e,GB-CHC-313999,sameas,GRID lookup
XI-GRID-grid.501186.b,GB-SC-SC035482,sameas,GRID lookup
XI-GRID-grid.501190.c,GB-CHC-1155360,sameas,GRID lookup
XI-GRID-grid.501191.d,GB-CHC-1105276,sameas,GRID lookup
XI-GRID-grid.501197.b,GB-CHC-1053515,sameas,GRID lookup
XI-GRID-grid.501199.5,GB-CHC-1073437,sameas,GRID lookup
XI-GRID-grid.501206.0,GB-CHC-1094613,sameas,GRID lookup
XI-GRID-grid.501211.6,GB-CHC-1159937,sameas,GRID lookup
XI-GRID-grid.501213.4,GB-CHC-1102449,sameas,GRID lookup
XI-GRID-grid.501221.5,GB-CHC-1142396,sameas,GRID lookup
XI-GRID-grid.501223.7,GB-CHC-1170743,sameas,GRID lookup
XI-GRID-grid.501224.0,GB-CHC-1116775,sameas,GRID lookup
XI-GRID-grid.501227.3,GB-SC-SC018486,sameas,GRID lookup
XI-GRID-grid.501230.5,GB-CHC-298365,sameas,GRID lookup
XI-GRID-grid.501231.4,GB-CHC-1159612,sameas,GRID lookup
XI-GRID-grid.501232.7,GB-CHC-1146677,sameas,GRID lookup
XI-GRID-grid.501234.1,GB-CHC-1001838,sameas,GRID lookup
XI-GRID-grid.501235.0,GB-CHC-1080319,sameas,GRID lookup
XI-GRID-grid.501237.2,GB-CHC-1162478,sameas,GRID lookup
XI-GRID-grid.501239.c,GB-CHC-1093702,sameas,GRID lookup
XI-GRID-grid.501240.2,GB-CHC-1066553,sameas,GRID lookup
XI-GRID-grid.501241.3,GB-CHC-1039555,sameas,GRID lookup
XI-GRID-grid.501251.2,GB-CHC-1150158,sameas,GRID lookup
XI-GRID-grid.501254.7,GB-CHC-1061687,sameas,GRID lookup
XI-GRID-grid.501256.5,GB-CHC-217868,sameas,GRID lookup
XI-GRID-grid.501773.7,GB-CHC-1027201,sameas,GRID lookup
XI-GRID-grid.502715.4,GB-CHC-1097271,sameas,GRID lookup
XI-GRID-grid.502716.7,GB-CHC-1118470,sameas,GRID lookup
XI-GRID-grid.502732.1,GB-CHC-1110702,sameas,GRID lookup
XI-GRID-grid.502743.7,GB-CHC-1105974,sameas,GRID lookup
XI-GRID-grid.502745.1,GB-SC-SC012799,sameas,GRID lookup
XI-GRID-grid.502764.2,GB-SC-SC017417,sameas,GRID lookup
XI-GRID-grid.502775.2,GB-SC-SC011328,sameas,GRID lookup
XI-GRID-grid.502786.e,GB-CHC-292552,sameas,GRID lookup
XI-GRID-grid.502791.8,GB-CHC-210065,sameas,GRID lookup
XI-GRID-grid.502810.e,GB-SC-SC006187,sameas,GRID lookup
XI-GRID-grid.502828.5,GB-SC-SC042593,sameas,GRID lookup
XI-GRID-grid.502834.8,GB-CHC-1041198,sameas,GRID lookup
XI-GRID-grid.502852.8,GB-CHC-1099506,sameas,GRID lookup
XI-GRID-grid.502863.a,GB-CHC-1081657,sameas,GRID lookup
XI-GRID-grid.502864.d,GB-CHC-297977,sameas,GRID lookup
XI-GRID-grid.502866.f,GB-CHC-1010697,sameas,GRID lookup
XI-GRID-grid.502870.8,GB-CHC-1124896,sameas,GRID lookup
XI-GRID-grid.502873.b,GB-CHC-1144355,sameas,GRID lookup
XI-GRID-grid.502881.6,GB-CHC-1116260,sameas,GRID lookup
XI-GRID-grid.502882.5,GB-CHC-1015787,sameas,GRID lookup
XI-GRID-grid.502883.4,GB-CHC-1093468,sameas,GRID lookup
XI-GRID-grid.502902.c,GB-SC-SC003558,sameas,GRID lookup
XI-GRID-grid.502904.a,GB-CHC-275119,sameas,GRID lookup
XI-GRID-grid.502934.9,GB-CHC-528790,sameas,GRID lookup
XI-GRID-grid.502936.b,GB-CHC-1048990,sameas,GRID lookup
XI-GRID-grid.502937.a,GB-SC-SC048848,sameas,GRID lookup
XI-GRID-grid.502942.8,GB-CHC-279000,sameas,GRID lookup
XI-GRID-grid.502944.e,GB-CHC-1122424,sameas,GRID lookup
XI-GRID-grid.502947.d,GB-CHC-1176500,sameas,GRID lookup
XI-GRID-grid.502948.2,GB-CHC-1148679,sameas,GRID lookup
XI-GRID-grid.502949.3,GB-CHC-1135153,sameas,GRID lookup
XI-GRID-grid.502966.e,GB-CHC-218093,sameas,GRID lookup
XI-GRID-grid.502970.9,GB-SC-SC025038,sameas,GRID lookup
XI-GRID-grid.502973.a,GB-CHC-1158820,sameas,GRID lookup
XI-GRID-grid.502974.d,GB-CHC-1161123,sameas,GRID lookup
XI-GRID-grid.503463.7,GB-CHC-327421,sameas,GRID lookup
XI-GRID-grid.503579.d,GB-CHC-1133179,sameas,GRID lookup
XI-GRID-grid.503655.0,GB-CHC-1154230,sameas,GRID lookup
XI-GRID-grid.504018.8,GB-CHC-1113288,sameas,GRID lookup
XI-GRID-grid.505741.2,GB-CHC-277611,sameas,GRID lookup
XI-GRID-grid.507156.0,GB-CHC-313123,sameas,GRID lookup
XI-GRID-grid.507158.e,GB-CHC-1058787,sameas,GRID lookup
XI-GRID-grid.507160.5,GB-CHC-1038170,sameas,GRID lookup
XI-GRID-grid.507164.1,GB-CHC-1035810,sameas,GRID lookup
XI-GRID-grid.507165.0,GB-CHC-1089678,sameas,GRID lookup
XI-GRID-grid.507168.d,GB-CHC-313407,sameas,GRID lookup
XI-GRID-grid.507170.4,GB-CHC-1103852,sameas,GRID lookup
XI-GRID-grid.507175.1,GB-CHC-1085760,sameas,GRID lookup
XI-GRID-grid.507179.d,GB-CHC-261876,sameas,GRID lookup
XI-GRID-grid.507191.b,GB-SC-SC034372,sameas,GRID lookup
XI-GRID-grid.507198.2,GB-CHC-1089590,sameas,GRID lookup
XI-GRID-grid.507206.6,GB-CHC-1138223,sameas,GRID lookup
XI-GRID-grid.507359.d,GB-CHC-1147094,sameas,GRID lookup
XI-GRID-grid.507369.e,GB-CHC-207711,sameas,GRID lookup
XI-GRID-grid.507469.9,GB-CHC-803551,sameas,GRID lookup
XI-GRID-grid.507546.5,GB-CHC-1079797,sameas,GRID lookup
XI-GRID-grid.507667.5,GB-CHC-227523,sameas,GRID lookup
XI-GRID-grid.507683.f,GB-CHC-1163773,sameas,GRID lookup
XI-GRID-grid.507710.4,GB-CHC-1073859,sameas,GRID lookup
XI-GRID-grid.507774.6,GB-CHC-1039411,sameas,GRID lookup
XI-GRID-grid.508416.e,GB-CHC-210769,sameas,GRID lookup
XI-GRID-grid.508470.e,GB-CHC-1112100,sameas,GRID lookup
XI-GRID-grid.508471.f,GB-CHC-1109670,sameas,GRID lookup
XI-GRID-grid.501198.4,GB-CHC-288706,sameas,GRID lookup
XI-GRID-grid.452220.3,GB-CHC-1098893,sameas,GRID lookup
XI-GRID-grid.499769.c,GB-CHC-1128168,sameas,GRID lookup
XI-GRID-grid.30073.37,GB-CHC-1092193,sameas,GRID lookup
XI-GRID-grid.500435.7,GB-CHC-1088956,sameas,GRID lookup
XI-GRID-grid.501087.b,GB-CHC-295173,sameas,GRID lookup
XI-GRID-grid.500513.2,GB-CHC-1170369,sameas,GRID lookup
XI-GRID-grid.499540.5,GB-CHC-1112842,sameas,GRID lookup
XI-GRID-grid.468433.e,GB-CHC-249877,sameas,GRID lookup
XI-GRID-grid.432595.c,GB-CHC-1097205,sameas,GRID lookup
XI-GRID-grid.428434.d,GB-CHC-1107328,sameas,GRID lookup
XI-GRID-grid.464549.e,GB-CHC-1090263,sameas,GRID lookup
XI-GRID-grid.421408.b,GB-CHC-1064633,sameas,GRID lookup
XI-GRID-grid.418616.c,GB-CHC-1115935,sameas,GRID lookup
XI-GRID-grid.500964.e,GB-CHC-1078837,sameas,GRID lookup
XI-GRID-grid.493316.a,GB-CHC-1112671,sameas,GRID lookup
XI-GRID-grid.508846.7,GB-CHC-214779,sameas,GRID lookup
XI-GRID-grid.452228.b,GB-CHC-1152954,sameas,GRID lookup
XI-GRID-grid.59877.34,GB-CHC-1140351,sameas,GRID lookup
XI-GRID-grid.470700.4,GB-CHC-313014,sameas,GRID lookup
XI-GRID-grid.502805.a,GB-CHC-282681,sameas,GRID lookup
XI-GRID-grid.511062.1,GB-CHC-1070906,sameas,GRID lookup
XI-GRID-grid.501205.3,GB-CHC-1113236,sameas,GRID lookup
XI-GRID-grid.498212.4,GB-CHC-1092293,sameas,GRID lookup
XI-GRID-grid.462305.6,GB-CHC-507137,sameas,GRID lookup
XI-GRID-grid.499539.b,GB-CHC-1105434,sameas,GRID lookup
XI-GRID-grid.499460.6,GB-CHC-505813,sameas,GRID lookup
XI-GRID-grid.502910.f,GB-CHC-273724,sameas,GRID lookup
XI-GRID-grid.501154.4,GB-CHC-1185943,sameas,GRID lookup
XI-GRID-grid.29109.33,GB-CHC-1140844,sameas,GRID lookup
XI-GRID-grid.463688.7,GB-CHC-288701,sameas,GRID lookup
XI-GRID-grid.511875.f,GB-CHC-288701,sameas,GRID lookup
XI-GRID-grid.499912.e,GB-CHC-283629,sameas,GRID lookup
XI-GRID-grid.500311.6,GB-CHC-276194,sameas,GRID lookup
XI-GRID-grid.416091.b,GB-CHC-1058323,sameas,GRID lookup
XI-GRID-grid.499915.9,GB-CHC-205658,sameas,GRID lookup
XI-GRID-grid.466545.0,GB-CHC-292182,sameas,GRID lookup
XI-GRID-grid.500087.a,GB-CHC-251396,sameas,GRID lookup
XI-GRID-grid.499448.c,GB-CHC-295329,sameas,GRID lookup
XI-GRID-grid.500158.9,GB-CHC-1128059,sameas,GRID lookup
XI-GRID-grid.451065.3,GB-CHC-216401,sameas,GRID lookup
XI-GRID-grid.493239.6,GB-CHC-304477,sameas,GRID lookup
XI-GRID-grid.493340.9,GB-CHC-249002,sameas,GRID lookup
XI-GRID-grid.511655.3,GB-CHC-205533,sameas,GRID lookup
XI-GRID-grid.468548.3,GB-CHC-230886,sameas,GRID lookup
XI-GRID-grid.500331.4,GB-CHC-1171652,sameas,GRID lookup
XI-GRID-grid.502734.7,GB-CHC-526702,sameas,GRID lookup
XI-GRID-grid.470724.2,GB-CHC-1000567,sameas,GRID lookup
XI-GRID-grid.468558.2,GB-CHC-263064,sameas,GRID lookup
XI-GRID-grid.453992.0,GB-CHC-206123,sameas,GRID lookup
XI-GRID-grid.497355.9,GB-CHC-207005,sameas,GRID lookup
XI-GRID-grid.476752.5,GB-CHC-211136,sameas,GRID lookup
XI-GRID-grid.453095.e,GB-CHC-216032,sameas,GRID lookup
XI-GRID-grid.421764.2,GB-CHC-1001233,sameas,GRID lookup
XI-GRID-grid.467164.6,GB-CHC-311096,sameas,GRID lookup
XI-GRID-grid.499835.a,GB-CHC-518992,sameas,GRID lookup
XI-GRID-grid.497312.a,GB-CHC-313020,sameas,GRID lookup
XI-GRID-grid.500206.1,GB-CHC-508849,sameas,GRID lookup
XI-GRID-grid.431720.3,GB-CHC-1106349,sameas,GRID lookup
XI-GRID-grid.449469.2,GB-CHC-291583,sameas,GRID lookup
XI-GRID-grid.500198.5,GB-CHC-209617,sameas,GRID lookup
XI-GRID-grid.499756.0,GB-CHC-1102638,sameas,GRID lookup
XI-GRID-grid.36212.34,GB-CHC-1148608,sameas,GRID lookup
XI-GRID-grid.502729.b,GB-CHC-210852,sameas,GRID lookup
XI-GRID-grid.498020.7,GB-CHC-1041486,sameas,GRID lookup
XI-GRID-grid.450458.8,GB-CHC-220949,sameas,GRID lookup
XI-GRID-grid.449736.b,GB-CHC-313364,sameas,GRID lookup
XI-GRID-grid.500283.c,GB-CHC-1104279,sameas,GRID lookup
XI-GRID-grid.499570.6,GB-CHC-1082139,sameas,GRID lookup
XI-GRID-grid.499531.3,GB-CHC-266916,sameas,GRID lookup
XI-GRID-grid.453664.6,GB-CHC-206271,sameas,GRID lookup
XI-GRID-grid.498029.e,GB-CHC-1090923,sameas,GRID lookup
XI-GRID-grid.450641.2,GB-CHC-258003,sameas,GRID lookup
XI-GRID-grid.434472.2,GB-CHC-505609,sameas,GRID lookup
XI-GRID-grid.470689.4,GB-CHC-1102712,sameas,GRID lookup
XI-GRID-grid.499781.a,GB-CHC-1125404,sameas,GRID lookup
XI-GRID-grid.468560.9,GB-CHC-219430,sameas,GRID lookup
XI-GRID-grid.482825.1,GB-CHC-1170829,sameas,GRID lookup
XI-GRID-grid.508736.f,GB-CHC-1162824,sameas,GRID lookup
XI-GRID-grid.422237.2,GB-CHC-1155539,sameas,GRID lookup
XI-GRID-grid.499620.0,GB-CHC-1114591,sameas,GRID lookup
XI-GRID-grid.499948.1,GB-CHC-1112223,sameas,GRID lookup
XI-GRID-grid.498302.4,GB-CHC-1130306,sameas,GRID lookup
XI-GRID-grid.501219.e,GB-CHC-1066184,sameas,GRID lookup
XI-GRID-grid.453612.7,GB-CHC-1120460,sameas,GRID lookup
XI-GRID-grid.423193.e,GB-SC-SC037733,sameas,GRID lookup
XI-GRID-grid.4305.2,GB-SC-SC005336,sameas,GRID lookup
XI-GRID-grid.11485.39,GB-SC-SC041666,sameas,GRID lookup
XI-GRID-grid.468433.e,GB-SC-SC044850,sameas,GRID lookup
XI-GRID-grid.452228.b,GB-SC-SC038675,sameas,GRID lookup
XI-GRID-grid.438396.3,GB-SC-SC038698,sameas,GRID lookup
XI-GRID-grid.499573.5,GB-SC-SC039410,sameas,GRID lookup
XI-GRID-grid.421630.2,GB-SC-SC037654,sameas,GRID lookup
XI-GRID-grid.422302.5,GB-SC-SC011130,sameas,GRID lookup
XI-GRID-grid.507339.b,GB-SC-SC006535,sameas,GRID lookup
XI-GRID-grid.497954.2,GB-SC-SC037605,sameas,GRID lookup
XI-GRID-grid.451065.3,GB-SC-SC037717,sameas,GRID lookup
XI-GRID-grid.452924.c,GB-SC-SC039426,sameas,GRID lookup
XI-GRID-grid.450458.8,GB-SC-SC037738,sameas,GRID lookup
XI-GRID-grid.484432.d,GB-SC-SC039907,sameas,GRID lookup
XI-GRID-grid.511655.3,GB-SC-SC041793,sameas,GRID lookup
XI-GRID-grid.453145.2,GB-SC-SC037554,sameas,GRID lookup
XI-GRID-grid.499490.9,GB-SC-SC037082,sameas,GRID lookup
XI-GRID-grid.474202.7,GB-SC-SC039168,sameas,GRID lookup
XI-GRID-grid.453264.2,GB-SC-SC042856,sameas,GRID lookup
XI-GRID-grid.472198.1,GB-SC-SC048644,sameas,GRID lookup
XI-GRID-grid.433046.6,GB-SC-SC006035,sameas,GRID lookup
XI-GRID-grid.508736.f,GB-SC-SC046788,sameas,GRID lookup
XI-GRID-grid.499579.f,GB-SC-SC039700,sameas,GRID lookup
XI-GRID-grid.500550.5,GB-COH-11177145,sameas,GRID lookup
XI-GRID-grid.420331.7,GB-CHC-1185329,sameas,GRID lookup
XI-GRID-grid.422942.b,GB-GOR-PB197,sameas,GRID lookup
XI-GRID-grid.482809.f,GB-CHC-1139086,sameas,GRID lookup
