Old charity number,New charity number,Name
306072,1115974,Townswomen's Guilds
212798,1125383,The Royal Academy Of Arts
1090926,1163457,The Sequoia Trust
1005733,1154288,Human Appeal
287034,1143472,THE SOCIETY FOR MUCOPOLYSACCHARIDE DISEASES
292492,1127488,Restless Development
299430,1160983,KINGSTON BEREAVEMENT SERVICE
1137843,1172212,4LOUIS
1126138,1168451,4X4 RESPONSE
1147623,1162178,A LITTLE BIT OF HOPE
242796,1150207,ABBOTS BROMLEY HOSPITAL
529280,1175704,ACKWORTH SCHOOL
1135429,1180478,ACTS CHURCHES UK
523467,1159173,ADEL PRE-SCHOOL
266346,1173301,ADVENTURE HOLIDAYS
1096908,1175858,AFGHANISTAN & CENTRAL ASIAN ASSOCIATION
313139,1178306,AFRICA EDUCATIONAL TRUST
1020967,1121258,AGAINST BREAST CANCER LIMITED
501537,1122008,AGE CONCERN DURHAM COUNTY
507495,1129973,AGE CONCERN MORGANNWG LIMITED
298339,1177688,AGE CONCERN WINDSOR
242766,1127990,AIREDALE AGRICULTURAL SOCIETY
1018850,1154046,AL-HIJRAH TRUST
1064042,1181497,AL-NOOR INSTITUTE
1072720,1174497,AL RISALAH EDUCATION TRUST
1030009,1173580,ALDERHOLT SUNBEAMS AND SUPERTOTS
1146998,1174871,ALDWICK BAPTIST CHURCH
284187,1173160,ALLEN GARDENS PLAYGROUP
1148041,1174824,ANCHOR CITY CHURCH INTERNATIONAL
1145952,1148574,ANGLIA RUSKIN STUDENTS' UNION
311288,1169461,ANGUISH'S EDUCATIONAL FOUNDATION
215122,1155069,ANNIE SUTTON AND HOULT MEMORIAL HOUSES
214388,230273,ANSHEL PFEFFER TRUST
289976,1173603,ARLINGHAM VICTORY HALL
1112462,1153692,ARMSTRONG SIDDELEY HERITAGE TRUST LTD
900314,1173724,ARTHROS LIMITED
1114127,1176934,ASHA NORTH STAFFORDSHIRE
300222,1180155,ASHENDON VILLAGE HALL
327165,1166459,ASIALINK
803283,1140090,ASIAN PEOPLE'S DISABILITY ALLIANCE LIMITED
288493,1180025,ASSOCIATION FOR HERITAGE INTERPRETATION
1045220,1162874,ASSOCIATION OF ISLAMIC CHARITABLE PROJECTS
1030024,1179422,ASSOCIATION OF UNIVERSITY ADMINISTRATORS
1123891,1168749,AUDIOACTIVE
519458,1159429,AUDLEM PUBLIC HALL
1055570,1175006,AVEBURY PLAYGROUP
1119387,1175832,BALSALL AND BERKSWELL JUBILEE PROJECT
1058045,1174797,BARNET BOROUGH SIGHT IMPAIRED
1148760,1178568,BARNWELL BAPTIST CHURCH
1159561,1178142,BARROW ISLAND COMMUNITY SPORTS TRUST LTD
701417,1166595,BEARPARK COMMUNITY ASSOCIATION
1029927,1181636,BEETLEY AND DISTRICT PRE-SCHOOL
1146718,1175576,BEIS HAMEDRASH IMREI SHEFER LIMITED
290008,1168094,BELLHURST NATURE CONSERVATION TRUST
1112068,1180571,BERMUDA COMMUNITY ASSOCIATION
1040380,1166598,BERWICK YOUTH PROJECT
303090,1160669,BESSINGBY PARK RANGERS FOOTBALL CLUB
303200,1178858,BETHWIN ROAD NEIGHBOURHOOD PLAYGROUND ASSOCIATION
295428,1157672,BEXHILL OLD TOWN PRESERVATION SOCIETY LIMITED
1099006,1178421,BEYOND THE STREETS
1079027,1167177,BIDDESTONE VILLAGE HALL AND RECREATION TRUST
209078,1180758,BIRMINGHAM JEWISH COMMUNITY CARE
1142231,1170171,BIRMINGHAM OPEN SPACES FORUM
1064945,1176955,BIRMINGHAM PEN TRADE HERITAGE ASSOCIATION
1140418,1167964,BLAZE
1127448,1174891,BLOOMSBURY CENTRAL BAPTIST CHURCH
1133946,1179247,BOGNOR REGIS BAPTIST CHURCH
296673,1176724,BOLENOWE ANIMAL SANCTUARY
1136393,1179468,BORTH FAMILY CENTRE
1029120,1171998,BRADBOURNE PARK PRE-SCHOOL
231957,1173985,BRADFORD SAMARITANS
1088047,1138866,BREAST CANCER UK LIMITED
1075345,1180841,BRECON BEACONS PARK SOCIETY
1005207,1172358,BRENTWOOD SCHOOLS CHRISTIAN WORKER TRUST
1092481,1170578,BRIDGE2AID
1151894,1181045,BRIDGNORTH BAPTIST CHURCH
283743,1173302,BRIGHTON FESTIVAL CHORUS
1137437,1171020,BRIGHTON GAY MEN'S CHORUS
277462,1179331,BRISTOL CHILDREN'S PLAYHOUSE LIMITED
313008,1171510,BRITISH FRIENDS OF THE ART MUSEUMS OF ISRAEL
1106218,1179578,BRITISH GAS ENERGY TRUST
1148748,1179328,BRITISH ORTHOPAEDIC RESEARCH SOCIETY
1122686,1173066,BRITISH SIKH COUNCIL UK
289804,1161206,BRITISH SOCIETY FOR MIDDLE EASTERN STUDIES
1146062,1175103,BRIXHAM BAPTIST CHURCH
1050319,1163200,BRIXHAM COMMUNITY CHURCH
1105065,1174311,BROAD HAVEN PLAYGROUP
1084435,1158546,BROOKFIELD SPACEPLACE
1094725,1154732,BROOKSIDE OUT OF SCHOOL CARE CLUB
700579,1169331,BROWN EDGE VILLAGE HALL LIMITED
700010,1177049,BUBWITH LEISURE AND SPORTS CENTRE
1031074,1177997,BURROUGH GREEN PLAYGROUP
522898,1166381,BURTON GREEN VILLAGE HALL
510208,1180329,BURTON HOSPITALS LEAGUE OF FRIENDS
517576,1178752,BUTTERSHAW (ST PAUL'S) CHURCH AMATEUR OPERATIC AND DRAMATIC SOCIETY
1149407,1168084,BUTTERSHAW BAPTIST CHURCH
1030418,1167636,CAEN CATERPILLARS
267371,1114201,CALDECOTE VILLAGE INSTITUTE LIMITED
1061979,1103593,CALVARY CHAPEL WESTMINSTER LIMITED
286098,1179871,CAMBRIDGE RAPE CRISIS CENTRE
1044685,1180646,CAMP SIMCHA
1127789,1179894,CANTERBURY BAPTIST CHURCH
271366,1179661,CAPEL COMMUNITY ASSOCIATION
1097490,1165786,CAPTAIN COOK SCHOOLROOM MUSEUM TRUST
1101478,1170760,CARE OF POLICE SURVIVORS
295490,1170610,CARIBB YOUTH AND COMMUNITY ASSOCIATION
519138,1174982,CARING FOR LIFE
1036725,1177864,CARMEL PLAYGROUP AND TODDLERS
1027838,1176942,CARRICK MIND
299702,1173378,CARRINGTON PRE-SCHOOL
1137274,1142482,CATHOLIC VOICES
1167784,1181257,CAVERSHAM BAPTIST CHURCH
237536,237537,"CHARITY OF GEORGE, LORD RIVERS"
232975,1180337,CHARITY OF ISABELLA SOPHIA LEANDER
243833,1154464,CHARLES EDWARD SUGDEN'S ALMSHOUSES
1028284,1168970,CHASEWELL NURSERY
288139,1166903,CHEDDAR VALLEY COMMUNITY CHURCH
700688,1181355,CHESTER ORCHESTRAL SOCIETY
274325,1172807,CHILD GROWTH FOUNDATION
287866,1155935,CHILDREN IN NEED FUND
1143820,1177221,CHOOSE LIFE THE PRISONERS INITIATIVE
1147114,1174283,CHRIST CHURCH COTTINGHAM
258003,1105851,CHRISTIAN AID
253426,1177663,CHRISTIAN RESPONSIBILITY IN PUBLIC AFFAIRS
233757,1180341,CHURCHES HOUSING AID SOCIETY
245421,1171835,CITY OF CHELMSFORD MENCAP
1167797,1175153,CLARE DALY FOUNDATION
313143,1179639,CLARK FOUNDATION
1067839,1180381,CLAYGATE RECREATION GROUND TRUST
254001,1177471,CLIFFORD CHAMBERS RELIEF IN NEED CHARITIES
1143568,1172545,CLOVERLEAF CHRISTIAN CENTRE
1147633,1171773,CMV ACTION
1049163,1173996,COASTLANDS COMMUNITY CHURCH
1041160,1174604,COLD ASH PRE-SCHOOL
1014569,1176483,COLEY PARK COMMUNITY ASSOCIATION
1106550,1179231,COLNE VALLEY MUSEUM
1102700,1175029,COMBERTON PLAYGROUP
1019309,1154126,CORNERSTONE MINISTRIES
225223,1180835,COTSWOLD PLAYERS
1134765,1180647,COVENTRY SOMALI MUSLIM COMMUNITY TRUST
1077544,1177965,COYTRAHEN COMMUNITY ASSOCIATION
211299,1162419,CPRE HERTFORDSHIRE
1087953,1174869,CRAWLEY COMMUNITY CHURCH
1152794,1179761,CREATEBOLTON
1136344,1175834,CROSSROADS FUN AND FRIENDSHIP CENTRE
1112426,1169056,CROWNWAY COMMUNITY CENTRE
702536,1173203,CROXDALE COMMUNITY ASSOCIATION
1173412,1178733,CUCKFIELD PRESCHOOL PLAYGROUP
1076134,1179237,CUDDLY KOALAS BROUGHTON MOOR PRE-SCHOOL
1086881,1181157,CYLCH MEITHRIN BRO CERNYW
1175138,1181609,CYLCH MEITHRIN CLOCAENOG
1054868,1174022,CYLCH MEITHRIN COED DUON
1092600,1180309,CYLCH MEITHRIN LLANSANNAN
1054323,1179352,CYLCH MEITHRIN YR EIFL
1122784,1179638,DANBURY MISSION CHURCH
510881,1177739,DAWDON YOUTH AND COMMUNITY CENTRE
1135523,1178345,DAWLISH CHRISTIAN FELLOWSHIP
525913,1117339,DELAMERE FOREST SCHOOL LIMITED
1075953,1181263,DERBY CHAMBER MUSIC SOCIETY
228388,1178877,DERBYSHIRE FEDERATION OF WOMEN'S INSTITUTES
1071578,1179302,DERRINGTON MILLENNIUM GREEN TRUST
1138889,1180264,DEVON FREEWHEELERS
517577,1174183,DIPTON COMMUNITY ASSOCIATION
514083,1176578,DISABILITY ARTS CYMRU
1005728,1180287,DISASTER ACTION
1019854,1175179,DISLEY UNDER FIVES
1165920,1181064,DIYYA
259447,1179390,DROYLSDEN LITTLE THEATRE
1014948,1178756,DRUKPA TRUST
1026269,1164590,DUNMORE PRESCHOOL
277394,1167137,DUNSTER SHOW SOCIETY
1150992,1181647,EAST GRINSTEAD STREET PASTORS
1074250,1173900,EAST HOLTON DRIVING CENTRE GROUP OF THE RIDING FOR THE DISABLED ASSOCIATION
1000317,1180168,EAST HORSLEY VILLAGE HALL
206886,1173918,EAST SUFFOLK ASSOCIATION FOR THE BLIND
1060175,1168994,EAST TEIGNBRIDGE COMMUNITY TRANSPORT ASSOCIATION
1064452,1168964,EAST WILLIAMSTON COMMUNITY AND HALL ASSOCIATION
1001654,1171775,EASTBOURNE OPERATIC AND DRAMATIC SOCIETY
1072897,1176549,EASTERLEIGH ANIMAL SANCTUARY
502640,1177355,EASTHAM MEMORIAL HALL
1145264,1174965,EASTSIDE CENTRE LIMITED
209145,1181201,EGYPT DIOCESAN ASSOCIATION
1122027,1179318,ELEPHANTS FOR AFRICA
269793,1181509,EMSWORTH COMMUNITY ASSOCIATION
1039760,1177333,ENDCLIFFE PLAYGROUP
1027774,1156527,ENSTONE PRE-SCHOOL
1051470,1160744,EPPING FOREST HOUSING AID SCHEME
503262,1173704,EREWASH CANAL PRESERVATION AND DEVELOPMENT ASSOCIATION
1093606,1165215,ERITREAN SAHO COMMUNITY ASSOCIATION
301447,1163658,ESSEX BOYS AND GIRLS CLUBS
803742,1171021,ESSEX CHRISTIAN CAMP
215349,1177292,ESSEX PROVINCIAL CHARITY FUND
1094888,1172020,EUROPEAN SOCIETY OF THORACIC SURGEONS
1013288,1126438,EUROVISION MISSION TO EUROPE
1052759,1172868,EXCEL CHURCH
1011410,1158057,EXMOUTH AND DISTRICT COMMUNITY TRANSPORT GROUP
1119866,1177770,EYE HOPE
247875,247876,F HAMEYER POOR FUND (COMMONLY KNOWN AS THE MANSFIELD POOR TRUSTS)
1100304,1141162,FAHAMU TRUST
1037782,1168193,FAMILIES RELIEF
1110917,1171177,FAMILY RESTORATION CENTRE
1004911,1139349,FARA FOUNDATION
1089643,1177339,FAREHAM LIONS CLUB
223383,1174761,FARNBOROUGH VILLAGE HALL
1027436,1180736,FAVERSHAM UMBRELLA
291333,1165603,FEED THE MINDS
1098340,1168810,FELLING MAGPIES YOUNG PEOPLES CLUB
1103648,1179855,FELLOWSHIP OF FAITHS FOR ONE RACE
272410,1174735,FEMINIST LIBRARY AND INFORMATION CENTRE
1023780,1172764,FERRING FUNTIME COMMUNITY PRE-SCHOOL
1008435,1134374,FLAME TRUST LIMITED
1128240,1164766,FLEET BAPTIST CHURCH
1134820,1177248,FLITWICK BAPTIST CHURCH
1075678,1149203,FOOTBALL UNITES RACISM DIVIDES EDUCATIONAL TRUST
1106633,1179640,FOREST HALL YOUNG PEOPLES CLUB
305223,1166254,FOREST ROW VILLAGE HALL
1150885,1172790,FRAMPTON PARK BAPTIST CHURCH
1096940,1167484,FREE UK GENEALOGY
1139657,1174724,FREEDOM CHARITY
298605,1181027,FRIENDS OF BROMPTON CEMETERY
1150091,1181644,FRIENDS OF COTTERIDGE PARK
1078631,1175535,FRIENDS OF KING ALFRED BUSES
1128226,1171905,FRIENDS OF THE HARRIS GARDEN
1063450,1172409,FRIENDS OF WEST NORWOOD CEMETERY
1121790,1176991,FRIENDS OF WINDMILL GARDENS
520051,1178454,FRODSHAM COMMUNITY ASSOCIATION
214046,1170048,GAINSBOROUGH'S HOUSE SOCIETY
1058379,1179233,GATESHEAD HATZOLA
1069389,1101914,GATEWAY (EDUCATION & CHILDCARE) TRUST LIMITED
1132157,1171914,GLORY AND FIRE MINISTRIES INTERNATIONAL
1139142,1175271,GLOUCESTER STREET PASTORS
1024467,1180435,GOOSTREY PRE-SCHOOL
1107588,1156871,GRACE CHURCH MILTON KEYNES
1103419,1175373,GRACE CHURCH NOTTINGHAM
1129169,1180195,GRACE COMMUNITY CHURCH BEDFORD
523429,1162272,GRENFELL CLUB
1113207,1158499,GREYHOUND GAP
250102,1163210,HALIFAX AND DISTRICT YOUNG MEN'S CHRISTIAN ASSOCIATION
299633,1181370,HAMPSHIRE AND THE ISLANDS HISTORIC CHURCHES TRUST
1098332,1174085,HAMPSHIRE SEARCH AND RESCUE
1092649,1168484,HAMPSTEAD GARDEN OPERA TRUST LTD
1145862,1176805,HAND IN HAND FOR AID AND DEVELOPMENT
292173,1176053,HARNHILL CENTRE OF CHRISTIAN HEALING
224941,1179665,HARRISON AND POTTER TRUST
1109704,1179075,HART GABLES
529474,1173116,HARTLEY EDUCATIONAL FOUNDATION
260937,1170624,HARWICH AND DISTRICT FELLOWSHIP FOR THE SICK
273567,1174807,HARWICH ELECTRIC PALACE TRUST
1027041,1169580,HATHERLEIGH PRE-SCHOOL
301545,1176993,HAWKESBURY HOSPITAL HALL
1136555,1173808,HAWKINGE COMMUNITY AFTER SCHOOL CLUB
1089981,1161751,HAWTHORN TREE COMMUNITY CHILDREN'S CENTRE
1144461,1178587,HEADLEY PARK CHURCH
502900,1171784,HEALEY COMMUNITY ASSOCIATION
1121605,1173120,HEALTH AND LOCAL FOOD FOR FAMILIES
1155309,1175762,HELPING RHINOS
308085,1171990,HENBURY AND BRENTRY COMMUNITY COUNCIL
1144049,1179570,HENGOED COMMUNITY PROJECT
1082309,1177931,HEREFORDSHIRE HEARTSTART
1053609,1151298,HERRIOT HOSPICE HOMECARE
1136031,1180955,HERTS INCLUSIVE THEATRE
521118,1180178,HESKETH BANK COMMUNITY CENTRE
1018521,1171372,HESLINGTON PRE-SCHOOL
1080244,1166157,HEXHAM YOUTH INITIATIVE
1117924,1172158,HHUGS - HELPING HOUSEHOLDS UNDER GREAT STRESS
700112,1179013,HIGHFIELDS  CHURCH
1073060,1180653,HIGHWAY PLAYDAYS
277760,1170319,HINTON MARTELL VILLAGE HALL
300164,1179097,HOLYPORT WAR MEMORIAL HALL
523155,1181450,HONEYBOURNE VILLAGE HALL
1156140,1180123,HOPE CHURCH RHONDDA
1041258,1161729,HOPE FOR CHILDREN
1039756,1180426,HOPE VALLEY AFTER SCHOOL CARE GROUP
1147898,1173711,HORSESHOES AND HANDPRINTS
208855,1101083,HOSPITALITY ACTION
1041193,1181034,HOUGHAM VILLAGE HALL TRUST
277815,1145490,HOUNSLOW TOY LIBRARY LIMITED
1082670,1181247,HULL CHURCHES HOME FROM HOSPITAL SERVICE
237215,526307,HUTTON CHARITY
1007675,1181418,HYSON GREEN YOUTH CLUB
279975,1174976,ILFRACOMBE & DISTRICT COMMUNITY TRANSPORT ASSOCIATION
1010817,1179103,IMANI COMMUNITY ASSOCIATION
1118960,1177038,IN ANOTHER PLACE
1084014,1180741,INSTITUTE OF BUSINESS ETHICS
257281,1083046,INTER-ACTION TRUST LTD
1072772,1171878,INTERCOM
1068349,1164736,INTERNATIONAL CHINA CONCERN
1003211,1176633,INTERNATIONAL CHRISTIAN MARITIME ASSOCIATION
1125108,1169284,INTERNATIONAL GOSPEL COMMUNITY
306038,1117014,INTERNATIONAL YOUTH HOSTEL FEDERATION
1105942,1154340,ISLAMBRADFORD
272690,1173839,ISLAMIC ASSOCIATION OF NORTH LONDON
1008199,1177472,JACKSONS EDUCATIONAL FOUNDATION
312127,1181004,JAMES MARSHALL FOUNDATION
1157819,1176639,JESSICA'S SARCOMA AWARENESS
310023,1131850,JEWS' COLLEGE
1047900,1180324,JOSEPH HARDY CHARITABLE TRUST
1120166,1153068,JUBILEE COMMUNITY CHURCH (EAST GRINSTEAD)
1072600,1127691,JUST AROUND THE CORNER
1145933,1177650,JUST CARING MIDLANDS
1062390,1117763,KAIROS COMMUNITY TRUST
1077200,1133510,KARIS NEIGHBOUR SCHEME
511141,1146310,KEMP HOUSE TRUST LTD
223382,1176989,KENT ARCHAEOLOGICAL SOCIETY
510406,1170675,KHOJA SHIA ITHNA-ASHERI MUSLIM COMMUNITY OF BIRMINGHAM
299539,1165590,KING'S CHURCH BISHOP'S WALTHAM
301866,1180268,KING'S SOMBORNE VILLAGE HALL
1077523,1181334,KINGS CHURCH WOKINGHAM
1177040,1179258,KINGS HEATH CHRISTADELPHIAN CHURCH
1029485,1177046,KINGS WORTHY PRE-SCHOOL
1096343,1174450,KINGSCARE LEAGUE OF FRIENDS
285737,1177621,KINGSDOWN PRE-SCHOOL
299430,1160983,KINGSTON BEREAVEMENT SERVICE
1047327,1168228,KIRK HAMMERTON NURSERY SCHOOL
701957,1172318,KIRKBY FLEETHAM VILLAGE HALL
1010893,1181430,LANCASHIRE BADGER GROUP
1142158,1175498,LAWYERS FOR PALESTINIAN HUMAN RIGHTS
522238,1179488,LAXTON VILLAGE HALL
1063400,1177735,LEAFIELD PRE-SCHOOL
505202,1174743,LEDBURY AMATEUR DRAMATIC SOCIETY LIMITED
227322,1094097,LEE ABBEY FELLOWSHIP
1141498,1180546,LEGACY  WM
209464,1078271,LEICESTER CHARITY ORGANISATION SOCIETY
1095540,1168829,LEICESTER RAPE CRISIS
1033808,1175673,LEIGH LOLLIPOPS NURSERY
299517,1178649,LEIGHTON BUZZARD FESTIVAL SINGERS
1010957,1157147,LEUKAEMIA BUSTERS
1153936,1178223,LEVEL TRUST
1068735,1174895,LEWES DISTRICT CHURCHES HOMELINK
1052636,1170211,LIFEHOUSE CHURCH
1109488,1178562,LIGHTHOUSE (HAZLEMERE)
327111,1083414,LIMMUD
1112390,1165953,LINK ETHIOPIA
1157716,1181312,LIPOEDEMA UK
1169574,1181630,"LITTLE ACORNS, CROSSGATES"
1036017,1174687,LITTLE BEARS PRE-SCHOOL (SHEBBEAR)
1151829,1161274,LITTLE PEOPLE UK
802492,1150019,LITTLEHAMPTON SPORTSFIELD
1136312,1179991,LIVERPOOL CHINESE GOSPEL CHURCH
1043039,1117553,LOGOS THEATRE COMPANY LIMITED
1042645,1165961,LONDON CHILDREN'S BALLET
1100019,1147168,LONDON TIGERS LTD
1051538,1169134,LONG PRESTON PLAYING FIELD ASSOCIATION
242423,1153110,LONGTOWN MEMORIAL HALL COMMUNITY CENTRE
289198,1171985,LORDSWOOD RESIDENTS AND COMMUNITY ASSOCIATION
281406,1168401,LOSTWITHIEL COMMUNITY ASSOCIATION
1125595,1177683,LOVE ME - LOVE MY MIND
1043005,1081368,LOWESTOFT COMMUNITY CHURCH LIMITED
1137186,1178264,LUNCH POSITIVE
517854,1177166,LYNEMOUTH RECREATION GROUND
226347,1174656,MACCLESFIELD SOCIETY FOR THE BLIND
1147458,1178339,MADDI'S BUTTERFLIES
1144492,1177042,MAIDSTONE FAMILY CHURCH
1010542,1156782,MAKTAB TARIGHAT OVEYSSI SHAHMAGHSOUDI (SCHOOL OF ISLAMIC SUFISM)
1013687,1167817,MALACHI COMMUNITY TRUST
1133125,1178558,MALVERN EVANGELICAL CHURCH
1134527,1172087,MANCHESTER AND WARRINGTON AREA QUAKER MEETING (RELIGIOUS SOCIETY OF FRIENDS)
327149,1148853,MANCHESTER CHARITABLE TRUST LTD
273683,1176423,MANOR FARM BOYS' CLUB
508810,1180947,MAPA BRADFORD
252594,1167990,MARGARET GREEN ANIMAL RESCUE
1023134,1167873,MARSDEN PRE SCHOOL PLAYGROUP AND TODDLERS
1001900,1151593,MARYLEBONE BANGLADESH SOCIETY LTD
1072441,1181625,"MAYFLOWER PLAYGROUP, HAYWARDS HEATH"
210544,1161927,MAYNARD AND COTTON'S HOSPITAL
1148026,1179545,MEDWAY AFRICAN AND CARIBBEAN ASSOCIATION
1034965,1178648,MELDRETH PRE-SCHOOL
300052,1158770,MEPPERSHALL VILLAGE HALL
1033724,1178374,MERSEYSIDE ASBESTOS VICTIMS SUPPORT GROUP
1114573,1179291,MESILA UK LIMITED
210802,1160493,MID SURREY MENCAP
1130828,1179225,MID WALES MUSIC TRUST
1023015,1171436,MILAAP MULTICULTURAL DAY CENTRE
1017480,1173307,MILE END NURSERY AND PLAYGROUP
268507,1178002,MILTON KEYNES CHORALE
1150435,1181349,MILTON KEYNES MURUGAN TEMPLE TRUST
1149189,1177043,MINDSONG
1123080,1174232,MONDAY CHARITABLE TRUST
523757,1179842,MOOR ALLERTON SPORTS AND SOCIAL CENTRE
1075416,1167307,MOORDOWN COMMUNITY ASSOCIATION
1089559,1173489,MORECAMBE BAY PARTNERSHIP
272183,1179808,MORETONHAMPSTEAD SWIMMING POOL TRUST
1143596,1171405,MORIAH BAPTIST CHURCH RISCA
1166369,1181382,"MOUNT ZION BAPTIST CHURCH, CARDIGAN"
222596,1178090,MOUNTAIN RESCUE ENGLAND AND WALES
294755,1160954,MRS S K WEST'S CHARITABLE TRUST
1155459,1178757,MUNDESLEY FREE CHURCH
1040170,1076896,MURRAY HALL COMMUNITY TRUST LIMITED
327287,1179477,MUSLIM ASSOCIATION OF NIGERIA UK
271680,1149833,MUSLIM WELFARE HOUSE
290098,1172494,MUSLIM WORLD LEAGUE LONDON OFFICE TRUST
1113809,1137177,MYOTUBULAR TRUST
1065058,1181202,NANCY BLACKETT TRUST
1149217,1179099,NATIONAL CIVILIAN WW2 MEMORIAL TRUST
294087,1156134,NATIONAL EYE RESEARCH CENTRE
306069,1144528,NATIONAL INSTITUTE OF AGRICULTURAL BOTANY TRUST
288167,1173042,NAVNAT VANIK ASSOCIATION OF THE UNITED KINGDOM
1065775,1170605,NELSON'S JOURNEY
1100698,1161188,NEW FOUNDATIONS
1125886,1178511,NEW LIFE CHURCH (REDCAR)
1117692,1179497,NEW LIFE COMMUNITY CHURCH FORDINGBRIDGE
1016742,1144759,NEWCASTLE CITY CENTRE CHAPLAINCY
1106082,1180305,NEWCASTLE PHILOSOPHY SOCIETY
1127416,1175783,NEWPORT PAGNELL BAPTIST CHURCH
1035706,1181575,NORTH CORNELLY PLAYGROUP ASSOCIATION
1150719,1181310,NORTH COTSWOLD FOODBANK
1074195,1178154,NORWICH AND DISTRICT GROUP RIDING FOR THE DISABLED ASSOCIATION
1053529,1168331,NORWICH SHOPMOBILITY
1122110,1177990,NOTRE DAME REFUGEE CENTRE
1054399,1153289,NOTTING HILL COMMUNITY CHURCH
1116109,1159496,NUEVAS ESPERANZAS UK
803440,1180450,NYSTAGMUS NETWORK
800992,1181141,OFFINGTON COUNSELLING SERVICE
1044506,1128326,OGLANDER ROMAN TRUST
308003,1169829,OLD STEVENAGE COMMUNITY ASSOCIATION
1117993,1150581,OLDHAM CANCER SUPPORT CENTRE LTD
1147784,1175893,OLLIE'S TRUST LIMITED
1143190,1170975,ONCE UPON A SMILE LIMITED
210180,1134438,ONE WORLD TRUST
1090655,1171686,OPEN ARMS MALAWI
283458,1173751,ORCHARD HOUSE PRE-SCHOOL
1098765,1141728,ORGANISATION CETACEA
1153411,1178097,OUT OF SIGHT
1019923,1176119,OVINGHAM AND DISTRICT UNDER 5'S
293093,1102435,PALLANT HOUSE GALLERY
1103253,1155322,PANCREATIC CANCER RESEARCH FUND
249446,1178290,PAPUA NEW GUINEA CHURCH PARTNERSHIP
301489,1180046,PARKLANDS COMMUNITY CENTRE
1125948,1166910,PARTNERSHIPS OVERSEAS NETWORKING TRUST
220805,1172357,PATE HOUSE CHARITY
1052540,1178620,PENKHULL CHRISTIAN FELLOWSHIP
1046599,1172364,PESTALOZZI WORLD CHILDREN'S TRUST
273803,1180370,PETERBOROUGH WOMEN'S AID
301916,1179587,PETERSFIELD COMMUNITY ASSOCIATION
221438,1158974,PHARMACIST SUPPORT
1031830,1172929,PINNER PARISH PRESCHOOL
1135392,1169360,PLANTING PROMISE LIMITED
313622,1094508,POLLOCK'S TOY MUSEUM LIMITED
1027328,1169918,POPLARS GROUP
1052133,1177044,POPLEY FIELDS COMMUNITY ASSOCIATION
1004629,1127996,POPPY PRE-SCHOOL LIMITED
505866,1170996,PRESTON BROOK VILLAGE HALL
529001,1175360,QUEEN MARY'S SCHOOLS FOUNDATION
255136,1178117,QUEENBOROUGH FISHERY TRUST
1085689,1167093,RABBIT WELFARE FUND
1055065,1174994,RADIO FRIMLEY PARK
504253,1179963,RADWAY VILLAGE HALL
209170,1170878,RAINY DAY TRUST
297078,1174608,RANWELL PLAYGROUP
1024624,1110661,RARE CHROMOSOME DISORDER SUPPORT GROUP
1002357,1170313,REDBRIDGE EQUALITIES AND COMMUNITY COUNCIL
1062568,1100327,REDWOOD PRE-SCHOOL
327035,1180394,RESOURCE FOR ANGLICAN RENEWAL MINISTRIES
1056210,1173152,RESTORING HANDS
1087234,1178625,REX CHOSEN MINISTRIES -THE FATHER'S HOUSE
204244,251874,RICHARD TREVILLE
1074357,1180573,RIDING FOR THE DISABLED - EXETER GROUP
311456,1157004,"RIDLEY HALL, CAMBRIDGE"
225059,1167623,RIPLEY AND DISTRICT AGRICULTURAL AND HORTICULTURAL SOCIETY LIMITED
512913,1141462,RIPON MUSEUM TRUST
1052194,1173787,RIVER DEE COMMUNITY CHURCH
1146089,1172326,ROMFORD BAPTIST CHURCH
1142688,1174526,ROOKSDOWN COMMUNITY ASSOCIATION
202824,1174544,ROTARY CLUB OF SOUTHAMPTON TRUST FUND
1119458,1168555,ROTHERFIELD ST MARTIN
1022306,1181652,ROXWELL PRE-SCHOOL LTD
1006880,1169925,ROYAL FEMALE SCHOOL OF ART FOUNDATION
259422,1142186,ROYAL MARINES MUSEUM
525752,1063489,RYDAL PENRHOS LIMITED
1076716,1175552,RYEDALE CARERS' SUPPORT
509253,1175175,RYTON VILLAGE HALL
800773,1180134,SAFFRON WALDEN CHORAL SOCIETY
282484,1123314,SALISBURY HOSPICECARE TRUST LIMITED
1112112,1181248,SCAMPPS IN SURREY
1136854,1170528,SCOTTY'S LITTLE SOLDIERS
516491,1175131,SENHOUSE MUSEUM TRUST
1090662,1177601,SENIOR SOLUTIONS
262870,1143272,SHAARE ZEDEK UK
1145375,1179954,SHARNBROOK EVANGELICAL CHURCH
236426,1175666,SHEPTON MALLET UNITED CHARITIES
217652,1177535,SHERBURN HOUSE CHARITY
272385,1178256,SHERFIELD-ON-LODDON VILLAGE HALL
1120303,1170953,SHERFIELD PARK COMMUNITY ASSOCIATION
1029333,1177342,SHERINGTON PRE-SCHOOL
1061405,1162586,SHIPSTON HOME NURSING
234025,1179342,SHREWSBURY ROMAN CATHOLIC DIOCESAN TRUST
214215,1171471,SIGHT CYMRU
1088245,1165317,SIMON ON THE STREETS
800001,1152777,SIR DENIS MAHON'S CHARITABLE TRUST
230335,1175076,SISTERS OF THE SACRED HEART OF SAINT JACUT
1051537,1167463,SLEAFORD LITTLE THEATRE
1174800,1179652,SLOUGH FORT PRESERVATION TRUST
1079730,1163423,SMILE INTERNATIONAL
1051446,1180187,SNITTERFIELD NURSERY SCHOOL
270295,1118646,SOBELL HOUSE HOSPICE CHARITY LIMITED
281530,1126555,SOCIAL AFFAIRS UNIT
1143564,1172599,SOLIDARITY SPIRITIST SOCIETY
516058,1179376,SOLIHULL MIND
255047,1176821,SOUTH-WEST SURREY MOBILE PHYSIOTHERAPY SERVICE
1105639,1178093,SOUTH KEMPSHOTT COMMUNITY ASSOCIATION
506339,1178389,SOUTH YORKSHIRE INDUSTRIAL HISTORY SOCIETY
1099462,1138808,SOUTHERN HOLDERNESS RESOURCE CENTRE
1033144,1164820,SOUTHGATE PRE-SCHOOL
1119681,1167902,SPACE YOUTH PROJECT
1043693,1179159,SPECIAL PLAY AND LEARNING ACTIVITIES IN SCHOOL HOLIDAYS
267003,1176226,SPELTHORNE MENTAL HEALTH ASSOCIATION
1176130,1176912,SPONSOR A SIBLING
278430,1175793,ST ANDREW'S GREEK ORTHODOX CATHEDRAL TRUST
1027370,1169634,ST AUGUSTINE'S NURSERY
1049556,1175861,ST AUSTELL ARTS CENTRE
312747,1094290,ST DUNSTAN'S EDUCATIONAL FOUNDATION
311073,1168580,ST EDMUND'S COLLEGE
1001724,1163181,ST JOHN'S NURSERY GROUP
252126,1180172,ST JOSEPH'S FAMILY CENTRE
1152173,1180087,ST MARK'S MILTON KEYNES
218731,1165957,"ST MARY'S ABBEY, QUARR"
800378,1176394,ST MICHAEL'S PLAYGROUP (ST ALBANS)
1037927,1179730,ST OSWALD'S PRE-SCHOOL LIMITED
1061819,1180837,ST TUDY PLAYING FIELD TRUST
1146151,1178728,ST. CHAD'S SANCTUARY
1041283,1170645,ST. NICHOLAS COMMUNITY ASSOCIATION
1099672,1181649,STARFISH ASIA
304376,1157941,STEEPLE ASTON PRE-SCHOOL
1052827,1172798,STONE CROSS MILL TRUST
500765,1173198,STUDENT VOLUNTEERING CARDIFF(SVC)
1159181,1173819,SUSSEX EAST AREA QUAKER MEETING
1107061,1180273,SWANLAND VILLAGE HALL
1118371,1181358,TARGETCRAFT ARCHERS
1034805,1179401,TAS VALLEY PRE-SCHOOL AND PLAYGROUP
202120,1177162,TAUNTON HERITAGE TRUST
273441,1172323,TAUNTON WOMENS AID
1084013,1172652,TEESDALE COMMUNITY RESOURCES
1103765,1174954,TENNIS FOR FREE
277318,1180640,THE ALBERT HUNT TRUST
1095901,1165528,THE ALFRED GILLETT TRUST
512548,1178661,THE ALREWAS AND DISTRICT AGRICULTURAL AND HORTICULTURAL SOCIETY
1113058,1161292,THE AMARNA TRUST
208756,1116392,THE ANCHOR SOCIETY LTD
500838,1180846,THE ASKRIGG FOUNDATION
276552,1166948,THE ATHELSTAN NURSERY
233782,1174364,THE BAPTIST MISSIONARY SOCIETY
1125912,1181392,THE BAPTIST UNION OF GREAT BRITAIN
299616,1179769,THE BEAMINSTER MUSEUM TRUST
259349,1065995,THE BENENDEN HOSPITAL TRUST
1091733,1177522,THE BEVERLEY BARGE PRESERVATION SOCIETY
522847,1120499,THE BIRMINGHAM BOYS AND GIRLS UNION
528805,1152244,THE BLUE COAT SCHOOL BIRMINGHAM LIMITED
1106554,1173809,THE BRANSFORD TRUST
325122,1175257,THE BRITISH ASSOCIATION OF PAEDIATRIC SURGEONS
326473,1178279,THE BRITISH FLUTE SOCIETY
208677,1113705,THE BUDDHIST SOCIETY
326292,1123081,THE BULLDOG TRUST LIMITED
1094780,1127012,THE CAROLINE HUMBY TECK TRUST
312055,1171955,THE CARTHUSIAN TRUST
258813,1165034,THE CHAMPERNOWNE TRUST
205698,1173240,THE CHARITY OF DOUGLAS WILLIAM MITCHELL
228961,1177600,THE CHARITY OF JANE WRIGHT
502610,1164896,THE CHARNWOOD TRUST
232651,1135892,THE CHINESE OVERSEAS CHRISTIAN MISSION
1083061,1147459,THE CHRISTIAN CENTRE FOR GAMBLING REHABILITATION LIMITED
297766,1162772,THE CHURCH AND MEDIA NETWORK
802118,1130031,THE CITY CHURCH CANTERBURY
223903,1181189,THE CLEEVES AND WHITEHEAD TRUST
526597,1174177,THE CLITHEROE ROYAL GRAMMAR SCHOOL FOUNDATION
1121610,1179727,THE CO-OPERATIVE HERITAGE TRUST
1106795,1177675,THE COMMUNITY CHURCH BURTON AND DISTRICT
248718,1179469,THE CONNAUGHT TRUST
1050122,1168343,THE CONNECTIONS BUS PROJECT
261109,1179008,THE CRAFTS STUDY CENTRE
528781,1120628,THE CRESCENT SCHOOL TRUST
1003547,1134681,THE CRESCENT SUPPORT GROUP LIMITED
1093674,1169640,THE CROWN CHURCH TRUST
223798,1144923,THE CRUSADERS' UNION
900104,1172445,THE DEVON AND EXETER INSTITUTION
274514,282797,THE DOUGLAS MCMINN CENTRE LIMITED
296553,1181002,THE ECCLESIASTICAL LAW SOCIETY
1112614,1176944,THE ELLAND SILVER BAND
1126479,1163539,THE ELMHURST FOUNDATION
1099998,1116414,THE EMMA MALTBY MEMORIAL FUND
298545,1168096,THE ERNEST AND MARJORIE FUDGE TRUST FOR WARMINSTER
313497,1146629,THE ERNEST COOK TRUST
1010782,1163673,THE ETHIOPIAN CHRISTIAN FELLOWSHIP (UK)
1147191,1177530,THE EVE MERTON DREAMS TRUST
251395,1168037,THE FELLOWSHIP OF INDEPENDENT EVANGELICAL CHURCHES
284865,1179427,THE FELLOWSHIP OF SAINT ETHELWOLD
245671,1164350,THE FERNE ANIMAL SANCTUARY
1133669,1172241,THE FILLIES GFC
313286,1167759,THE FINTRY TRUST
802456,1167428,THE FIRCROFT TRUST
1001311,1180504,THE FOLKESTONE - HYTHE OPERATIC AND DRAMATIC SOCIETY
268211,1134579,THE FOUNDATION FOR LIVER RESEARCH
262330,1153591,THE FRIENDS OF LEIGHTON HOUSE
1101748,1174865,THE FRIENDS OF POOLE PARK
259464,1176266,THE FUND FOR THE REPLACEMENT OF ANIMALS IN MEDICAL EXPERIMENTS (F R A M E)
261270,1171068,THE FUSILIER MUSEUM LONDON
1135781,1174981,THE GILBERT AND GEORGE CENTRE
508070,1176227,THE GLAMORGAN FEDERATION OF YOUNG FARMERS CLUBS
1088699,1175593,THE GOLDSMITHS' COMPANY CHARITY
258372,1172919,THE GOWER SOCIETY
281942,1170335,THE GRAND CHARITY
517936,1153125,THE GRANGE PLAYERS LIMITED
1103355,1134948,THE GREAT DIXTER CHARITABLE TRUST
1169715,1174395,THE GUILDFORD SOCIETY
506820,1180143,THE HALE AND DISTRICT HEBREW CONGREGATION
1139861,1173141,THE HARMONY THERAPY TRUST
288036,1172917,THE HASLEMERE PLAYERS
292020,1176997,THE HASLEMERE THESPIANS
801146,1174307,THE HAYCORNS ASSOCIATION
292048,1176857,THE HAYNES INTERNATIONAL MOTOR MUSEUM
285178,1160233,THE HELIOS FOUNDATION
296965,1174338,THE HENLEY FESTIVAL TRUST
211288,1157467,THE HENRY GILDER DRAKE CHARITY
1109398,1181539,THE HEREDITARY SPASTIC PARAPLEGIA SUPPORT GROUP
1054184,1159032,THE HISTORICAL DIVING SOCIETY
1131613,1167232,THE HOYLAND LOWE STAND TRUST
1057563,1173208,THE IBS NETWORK
262891,1107395,THE INJURED JOCKEYS FUND
250081,1166869,THE INSTITUTE OF REFRIGERATION
1090992,1179846,THE ISLAMIC ASSOCIATION OF LINCOLN
263371,1160353,THE ISLAMIC FOUNDATION
1043619,1141021,THE JOHN STRUTT CONSERVATION FOUNDATION
267441,1170424,THE JOSEPH AND FRANCES CLARK TRUST
1156557,1174340,THE KEARNS FOUNDATION
508451,1176972,THE KENDAL (KIRKLAND) TRUST
306064,1174033,THE KEW GUILD
307525,1174184,THE KING EDWARD VI COLLEGE SITE FOUNDATION
270419,1143338,THE KIT WILSON TRUST FOR ANIMAL WELFARE
701075,1175184,THE LAKELAND HOUSING TRUST
264276,1165880,THE LEAGUE OF FRIENDS OF THE NUFFIELD ORTHOPAEDIC CENTRE
232654,1181156,THE LEAGUE OF FRIENDS OF TUNBRIDGE WELLS HOSPITAL
1113172,1176160,THE LITTLE PRINCESS TRUST
1080634,1175541,THE LIVING ROOM
1084704,1178599,THE LUTE SOCIETY
233601,1180260,THE LUXFORD CENTRE
277548,1178573,THE LYMPNE PLAYING FIELD AND VILLAGE HALL
1010371,1103123,THE LYNCHMERE SOCIETY
293514,1159922,THE MARDEN HOUSE CENTRE
270218,1179673,THE MASS OBSERVATION ARCHIVE
1101050,1177003,THE MAURICE AND VIVIENNE WOHL PHILANTHROPIC FOUNDATION
1081218,1172672,THE MEDITATION TRUST
227801,1170090,THE MEOLE BRACE PEACE MEMORIAL HALL
1117653,1177059,THE MERCIAN REGIMENTAL CHARITY
305078,1175828,THE MERSTHAM VILLAGE TRUST
1085014,1162121,THE MILLENNIUM EMBROIDERY GROUP SUNBURY-ON-THAMES
1077705,1171026,THE MUSEUM OF MILITARY MEDICINE TRUST
327233,1136297,THE MUSLIM YOUTH FOUNDATION
271420,1179641,THE NATURIST FOUNDATION
1136353,1177764,"THE NEW LIFE CHURCH, WOKING"
1068649,1155934,THE NOOR FOUNDATION UK
210885,1177917,THE NORWEGIAN YOUNG WOMEN'S CHRISTIAN ASSOCIATION IN LONDON
515817,1170810,THE ODELL TRUST
1058003,1122040,THE OPEN DOOR (TAUNTON)
256356,1160830,THE PALACE TRUST
522177,1176819,THE PEARSON CENTRE FOR YOUNG PEOPLE
701320,1178874,THE PENRITH AGRICULTURAL SOCIETY
287502,1178847,THE PHOENIX GARDEN
201024,1167275,THE PILMUIR ESTATE
700748,1175337,THE PLYNLIMON TRUST
1099440,1138650,"THE POTTERS HOUSE CHRISTIAN CHURCH, CROYDON"
307757,1167318,THE POWELL-COTTON MUSEUM
307370,1157782,THE PREBENDAL SCHOOL
257414,1180666,THE PSORIASIS ASSOCIATION
216291,1179912,THE RAYNE FOUNDATION
1024684,1176992,THE REDEEMED EVANGELICAL MISSION
1104487,1157096,THE REEF-WORLD FOUNDATION
328746,1150792,THE RETREAT ASSOCIATION
285805,1169079,THE RICHMOND SOCIETY
252090,1163293,THE RIDLEY FOUNDATION
288831,1177871,THE RIVER WEY TRUST
233597,1174261,THE ROMAN CATHOLIC CONGREGATION OF THE MISSIONARY FRANCISCAN SISTERS (OF THE IMMACULATE CONCEPTION )(BRAINTREE) CHARITABLE TRUST
253063,1169164,THE ROTARY CLUB OF ANDOVER BENEVOLENT FUND
1085549,1173871,THE ROTARY CLUB OF NORWICH CHARITY SERVICE FUND
207327,1081009,THE ROYAL AIR FORCE BENEVOLENT FUND
210848,1176054,THE ROYAL AIR FORCE CHARITABLE TRUST
513141,1179781,THE ROYAL CROWN DERBY MUSEUM CHARITABLE TRUST
221958,1150749,THE ROYAL INSTITUTION OF CORNWALL
206003,1168387,THE ROYAL MARINES ASSOCIATION LIMITED
285836,1170336,THE ROYAL MASONIC TRUST FOR GIRLS AND BOYS
212152,1179300,THE ROYAL SOCIETY FOR ASIAN AFFAIRS
266367,1179867,THE SAMATHA TRUST
1087982,1179087,THE SAVITRI WANEY CHARITABLE TRUST
225634,1172162,THE SHEFFIELD CATS SHELTER
1047760,1179323,THE SHREWSBURY FURNITURE SCHEME
326945,1161850,THE SIDNEY NOLAN TRUST
1115049,1180739,THE SIMMS REEVE INSTITUTE BRANCASTER
274487,1128686,THE SIR HENRY ROYCE MEMORIAL FOUNDATION
232363,1177083,THE SISTERS OF PROVIDENCE OF RUILLE-SUR-LOIR
241336,1173777,THE SLADE EVANGELICAL CHURCH
1037019,1144595,THE SOCIETY FOR THE ADVANCEMENT OF PHILOSOPHICAL ENQUIRY AND REFLECTION IN EDUCATION
265632,1146589,THE SOHO SOCIETY
1076617,1108804,THE SOUTHMEAD PROJECT LIMITED
802182,1171309,THE ST MARY'S PRE-SCHOOL
1023745,1128716,THE STANLEY MEWS COMMUNITY TRUST LTD
276371,1174548,THE STANMORE CHORAL SOCIETY
288562,1169540,THE STEYNING MUSEUM TRUST
1099443,1173896,THE STOCK EXCHANGE DRAMATIC AND OPERATIC SOCIETY
1150983,1177004,THE STOREHOUSE PROJECT
1109305,1169999,THE SURVIVORS TRUST
247430,1175032,THE SUSSEX ASSOCIATION FOR SPINA BIFIDA AND HYDROCEPHALUS
271537,1173924,THE TABLET TRUST
274244,1174999,THE TAMARITANS THEATRE COMPANY
702896,1181361,THE THACKRAY MEDICAL RESEARCH TRUST
1125432,1174795,THE THAME MUSEUM TRUST
208678,1095904,THE TORCH TRUST FOR THE BLIND
519302,1168925,THE TOY HOUSE
1067753,1173156,THE UGLY DUCKLING COMPANY
1012346,1170600,THE ULYSSES TRUST
270728,1171197,THE UNION OF MUSLIM ORGANISATIONS OF UK AND EIRE TRUST (ABBREVIATED THE U M O TRUST)
249892,1158987,THE UNION OF ORTHODOX HEBREW CONGREGATIONS
1098909,1172346,THE UNITED KINGDOM NETWORK OF THE INTERNATIONAL SOCIETY FOR PSYCHOLOGICAL AND SOCIAL APPROACHES TO PSYCHOSIS.
1151086,1178793,THE URBAN VOCAL GROUP
262348,1180463,THE VENTURERS NORFOLK BROADS CRUISE
300122,1181340,THE WAYZ
1125246,1179660,THE WELL KIBWORTH
522583,1181598,THE WEM SPORTS AND SOCIAL ASSOCIATION
306622,1144633,THE WHITLEY WILDLIFE CONSERVATION TRUST
307574,1172933,THE WILLIAM BARROW'S CHARITY
269478,1164261,THE WIMBLEDON SOCIETY
326590,1174533,THE WINNICOTT TRUST
1085525,1175164,THE WOODCHURCH SCOUT & GUIDE COMMUNITY CENTRE
271203,1181022,THE WORLD PHEASANT ASSOCIATION
507960,1177037,THE YORK AND DISTRICT BEEKEEPERS' ASSOCIATION
290100,1158927,THE YORKE TRUST
252572,1170254,THE ZEMEL CHOIR
1069814,1148219,THEO TRUST LTD
301415,1158821,THEYDON BOIS VILLAGE ASSOCIATION
310661,1179957,THOMAS PLUME'S LIBRARY
1004285,1180775,THORNBURY VOLUNTEER CENTRE
1034971,1168315,TITCHMARSH PRE-SCHOOL
301641,1180049,TODDINGTON VILLAGE HALL
1035882,1178532,TODMORDEN AMATEUR OPERATIC AND DRAMATIC SOCIETY
1146890,1174681,TOPSHAM RUGBY FOOTBALL CLUB
1001591,1174893,TOTS 2 TEENS
235693,1179215,TOVE VALLEY BAPTIST FELLOWSHIP
1052328,1116812,TRANSPLANT SUPPORT NETWORK
304653,1172028,TRIDENT YOUTH AND COMMUNITY CENTRE
281520,1180760,TRING SCHOOL TRUST
1023335,1180271,TRIRATNA BUDDHIST COMMUNITY (IPSWICH)
1044466,1176063,TRIRATNA LIVERPOOL
309077,1176874,TYR ABAD RESIDENTIAL EDUCATION CENTRE
1022844,1171583,TYTHERINGTON FAMILY WORSHIP CHURCH
1123706,1173468,UGANDA COMMUNITY IN GREATER MANCHESTER
306066,1110590,UK YOUTH
1132159,1176425,UPTON VALE BAPTIST CHURCH
1051491,1180905,UTTLESFORD BUFFY BUS ASSOCIATION
1080835,1174751,VENTNOR BOTANIC GARDEN FRIENDS' SOCIETY
1015097,1166876,VIDES UK
225920,1179436,VILLIERS PARK EDUCATIONAL TRUST
510776,1156931,VINTAGE CARRIAGES TRUST
232860,1167524,W J YAPP BEQUEST
265755,1180690,WALSINGHAM TRUST
270746,1178098,WALTHAMSTOW TOY LIBRARY AND PLAY CENTRE
1154978,1177303,WANSBECK VALLEY FOOD BANK
231091,1176520,WARD'S CHARITY OR CHURCH LANDS
1020136,1170178,WASDALE MOUNTAIN RESCUE TEAM
1059901,1178084,WATER FOR KIDS
1133315,1157948,WAVERTON EVANGELICAL FELLOWSHIP
500394,1180894,WELTON VILLAGE MEMORIAL HALL
280133,1110216,WESSEX CANCER TRUST
1068583,1162990,WEST GLAMORGAN CRIMEBEAT
217486,1124993,WEST HEATH COMMUNITY ASSOCIATION
239313,1175246,WEST LANCASHIRE FREEMASONS' CHARITY
1118460,1174910,WEST WILTS VINEYARD
500652,1180863,WESTERN BEACONS MOUNTAIN SEARCH AND RESCUE TEAM
207964,1175356,WESTMINSTER AMALGAMATED CHARITY
1059844,1171086,WETHERBY SPORTS ASSOCIATION
1068936,1176698,WHITBY CHRISTIAN FELLOWSHIP
529699,1171266,WHITBY LITERARY AND PHILOSOPHICAL SOCIETY
1004636,1159626,WHITEFIELD CHRISTIAN TRUST
241935,1118796,WIDCOMBE BAPTIST CHURCH
1010825,1178881,WIGTON THEATRE CLUB
522695,1060498,WILLOUGHBRIDGE GARDEN TRUST LIMITED
309534,1080096,WILTSHIRE ARCHAEOLOGICAL AND NATURAL HISTORY SOCIETY
1003992,1174519,WINCANTON RECREATIONAL TRUST
1066051,1179212,WINCHESTER PREGNANCY CRISIS CENTRE
281653,1181466,WINDMILL DAY NURSERY
1145123,1167967,WIRRAL FOODBANK
1014300,1150354,WOMEN AND GIRLS NETWORK
1035330,1168815,WOODLAND CORNER
299789,1143122,WOODSIDE ANIMAL WELFARE TRUST
1070246,1163549,WOOTTON CONSERVATION TRUST
304686,1180907,WOOTTON COURTENAY VILLAGE HALL
508607,1173764,WORCESTER MUSLIM WELFARE ASSOCIATION
1048925,1160851,WORLD HARVEST CHRISTIAN CENTRE
278753,1181001,WORLE COMMUNITY ASSOCIATION
1027440,1176474,WOW YOUTH MUSICAL THEATRE
309703,1156892,WYCLIFFE HALL
1094083,1178212,WYGATE FOUNDATION NURSERY SCHOOL
1073723,1173317,YORK AND DISTRICT GROUP RIDING FOR THE DISABLED ASSOCIATION
1149760,1175816,YORUBA FOUNDATION LTD
1124580,1141052,YOUNG VIRTUOSI LIMITED
277935,1175680,YOUTH CONCERN
253226,1102614,Age Concern Kesteven
288028,1098216,Brent Triangle Limited
1096798,1121208,All Nations Christian Centre
1045304,1117345,Heart of England Community Foundation
206426,1146484,Dulverton Trust
250179,263710,"Shelter, National Campaign for Homeless People Limited"
1143704,1172163,Disability Africa
1018536,1196905,ABBEY CWMHIR HERITAGE TRUST
276978,1159454,ABBEYDALE COMMUNITY ASSOCIATION
211645,1146420,ABF THE SOLDIERS' CHARITY
1109000,1164119,ABOUT WITH FRIENDS
1141230,1182693,ABOVE US ONLY SKY?
1070618,1185329,ACADEMY OF MEDICAL SCIENCES
1120588,1172706,ACCESS ALL AREAS
801533,1194245,ACORN COMMUNITY SUPPORT
1094359,1157078,ACORNS (NORTH TYNESIDE)
1113899,1140534,ACTIVE HOPE
1125973,1185078,ADVOCACY AFTER FATAL DOMESTIC ABUSE LTD
1014398,1163787,ADVOCACY ALLIANCE
1009787,1186659,ADVOCACY IN GREENWICH
1072156,1185588,AFGHAN ISLAMIC AND CULTURE CENTRE
1059268,1164778,AFRICA ADVOCACY FOUNDATION
1053920,1184309,AFRICAN BIRD CLUB
1145893,1169279,AFRICAN FRENCH SPEAKING COMMUNITY SUPPORT
1095001,1163774,AFRINSPIRE
265351,1153607,AGE CONCERN BRACKNELL FOREST
283432,1147081,AGE CONCERN CHRISTCHURCH
231480,1189615,AGE CONCERN NEWBURY AND DISTRICT
1037278,1172466,AGE CONCERN TORFAEN
270459,1151398,AGE UK THANET LIMITED
1078651,1167044,AIREBOROUGH SUPPORTED ACTIVITIES SCHEME
1152379,1163706,AL-AYN SOCIAL CARE FOUNDATION
1020834,1158949,ALDERBURY PRESCHOOL
1148911,1170179,ALL SAINTS COMMUNITY PROJECT TRUST
284116,1159070,ALTAJIR TRUST
1161946,1171437,ALZHEIMER CAFÉ ISLE OF WIGHT
1090650,1182652,AMAR-FRANSES AND FOSTER-JENKINS TRUST
1167381,1183760,A MILE IN HER SHOES
243509,1174706,ANDREWS CHARITABLE TRUST
513091,1161354,ANIMAL CONCERN CUMBRIA
1157935,1172316,ANIMAL SPAY AND NEUTER INTERNATIONAL
1140020,1178437,ANWARUL QURAN TRUST
221962,1192964,APPLEGARTH HOMES
205684,1193688,ARCH SUPPORT
1043420,1185730,ARMITAGE PRE-SCHOOL
291202,1176393,ARMY FAMILIES FEDERATION
227639,1181714,ARMY RIFLE ASSOCIATION
245517,1149105,ARMY RUGBY UNION TRUST
1110987,1181445,ARRAHMA ISLAMIC CENTRE
1035221,1189082,ART AND CHRISTIANITY
1148174,1172529,ARTBOX LONDON
1096859,1192375,ARTS FOR ALL
1129999,1182930,ASHLEY HOUSE HOSTEL
520406,1165348,ASHOVER PARISH HALL
1137818,1182609,ASIAN WELFARE AND CULTURAL ASSOCIATION
523049,1170307,ASKHAM AND DISTRICT COMMUNITY CENTRE
1051424,1195493,ASPLEY GUISE PRE-SCHOOL
290927,1171112,ASSOCIATION FOR PROJECT MANAGEMENT
280537,1193445,ASSOCIATION OF BREASTFEEDING MOTHERS
279119,1190441,ASSOCIATION OF CHILD PROTECTION PROFESSIONALS
1145987,1184567,Association of Mountaineering Instructors
1125687,1186569,ASSOCIATION OF NHS CHARITIES
1116352,1155738,AURORA ORCHESTRA
1193502,1112897,AUTISM ALLIANCE UK
1033639,1160180,AVON SMALL SAINTS PRE-SCHOOL
1163815,1192416,AYLESBURY OPERA
517939,1183962,BAKERSFIELD AND NEIGHBOURHOOD COMMUNITY ASSOCIATION
1027732,1184842,BAKEWELL AND DISTRICT HISTORICAL SOCIETY
1064556,1163343,BANBURY ANIMAL RESCUE AND KINDNESS SERVICE
516981,1189197,"BANGLADESH ISLAMIC ASSOCIATION, SMETHWICK"
1117481,1151816,BANGLADESHI WOMEN'S ASSOCIATION LIMITED
1020882,1159369,BARKING PRE-SCHOOL
267955,1156379,BARNES COMMUNITY ASSOCIATION
1062195,1151068,BARNET AFRICAN CARIBBEAN ASSOCIATION LTD
701041,1184179,BARTON LANE COMMUNITY ASSOCIATION
274837,1189630,BATH AND COUNTIES ARCHAEOLOGICAL SOCIETY
1139037,1189547,BATH SPA UNIVERSITY STUDENTS' UNION
1076957,1159027,BEAT THE COLD
1046328,1160990,BEEHIVE PRE-SCHOOL PLAYGROUP
1025346,1164090,BEESTON CONSOLIDATED CHARITY
1185325,1033165,BELTINGE DAY NURSERY
1036631,1180308,BENLLECH PLAYGROUP
1143602,1193756,BEREAN BAPTIST TEMPLE
294220,1155173,BERKSHIRE COMMUNITY FOUNDATION
216605,1194243,BERKSWELL CHARITIES
251855,1172097,BERRY POMEROY HOME FOR ELDERLY PEOPLE
1093109,1198661,BERWICK JUNIORS YOUTH DEVELOPMENT TRUST
1140410,1183255,BETHANY INTERNATIONAL HOUSE FOR CHILDREN
1086924,1187622,BETHEL APOSTOLIC CHURCH - MISSION HALL BILSTON
506813,1163868,BEVERLEY COMMUNITY LIFT
1128806,1195043,BEWDLEY BAPTIST CHURCH
1096157,1186004,BIBLE EDUCATIONAL SERVICES
1063200,1187754,BIBLES FOR CHILDREN
1162370,1167497,BINSCOMBE EVANGELICAL CHURCH
528933,1192429,BIRMINGHAM ASTRONOMICAL SOCIETY
527276,1184682,BISHOP GROSSETESTE UNIVERSITY
1189191,1195857,BLACKDOG OUTDOORS
1026256,1171226,BLINDCRAKE VILLAGE HALL
1075153,1184324,BLUE BELL HILL COMMUNITY ASSOCIATION
1030920,1193652,BLUNDESTON PRE-SCHOOL
200220,1183856,BLUNHAM VILLAGE HALL
1117226,1166006,BOGNOR COMMUNITY ACTION NETWORK
215340,1191838,BOLTON DEAF SOCIETY
517454,1190423,BOLTON MOUNTAIN RESCUE TEAM
1113276,1159590,BONE CANCER RESEARCH TRUST
1144946,1188397,BORN TO BE BEAUTIFUL
1142527,1162942,BOSOMBUDDIESUK
1117214,1195127,BRAILLE IT
1055320,1181985,BRAMBLES COMMUNITY PRE-SCHOOL
1042297,1193369,BRANKSOME CHINE SURF LIFE SAVING CLUB
1147556,1180296,BREAKOUT YOUTH
201288,1184834,BRIDGE TRUST
1040702,1186053,BRIGHTER HORIZONS
264775,1177939,BRISTOL HOSPITAL BROADCASTING SERVICE
260346,1185594,BRITISH ARACHNOLOGICAL SOCIETY
1010867,1193943,BRITISH ARTS FESTIVALS ASSOCIATION
276054,1188273,BRITISH ASSOCIATION FOR IMMEDIATE CARE
260167,1187794,BRITISH BURN ASSOCIATION
296198,1188125,BRITISH SOCIETY FOR COLPOSCOPY AND CERVICAL PATHOLOGY
264962,1166134,BRITISH SOCIETY FOR THE HISTORY OF PHARMACY
1125927,1196492,BRITSOM
1046921,1188559,BRIXWORTH COMMUNITY CHURCH
1074408,1170398,BROADLANDS GROUP RIDING FOR THE DISABLED ASSOCIATION
1004331,1157361,BROMLEY TOWN CHURCH
1031876,1187234,BROOK EARLY YEARS
269386,1174719,BROOKVALE COMMUNITY ASSOCIATION
281697,1160934,BROOMGROVE RESIDENTS ASSOCIATION
510317,1196482,BROWNHILLS MUSICAL THEATRE COMPANY
1071631,1177534,BUCKINGHAM AND DISTRICT U3A
283723,1182528,BUCKLES AND BOWS PRE-SCHOOL NURSERY
290076,1162329,BUDLEIGH SALTERTON AND DISTRICT HOSPISCARE
1074206,1176600,BURCOTT AND DISTRICT RIDING FOR THE DISABLED ASSOCIATION
1021798,1188245,BURNAGE FAMILY CHURCH
273930,1165584,BURNHAM YOUTH CENTRE
1027856,1194906,BUTTERCUPS COMMUNITY PRE-SCHOOL
1154455,510711,CALDER KIDS ADVENTURE PLAYGROUND ASSOCIATION
1190616,1197756,CALNE FOODBANK
1089327,1190059,CALVARY EVANGELICAL CHURCH BRIGHTON
298419,1188130,CAMBERLEY CARE TRUST
218782,1184133,CAMPAIGN TO PROTECT RURAL ENGLAND (SHROPSHIRE BRANCH)
1073670,1195740,CAMSLEY GRANGE RIDING FOR THE DISABLED ASSOCIATION
328237,1177334,CANINE CONCERN
298480,1153745,CANTERBURY UMBRELLA
250621,1155885,CARDIFF YOUNG MEN'S CHRISTIAN ASSOCIATION
1056567,1181959,CARDIGAN YOUTH PROJECT
1173154,1182567,CARETECH CHARITABLE FOUNDATION
1084504,1155536,CARING FOR GOD'S ACRE
310002,1188568,CARISBROOKE CASTLE MUSEUM
502926,1188535,CARMEL VILLAGE HALL
295286,1192922,CARYFORD COMMUNITY HALL ASSOCIATION
1031426,1135211,CATEY PRE-SCHOOL
1128728,1196431,CENTRAL BAPTIST CHURCH CHELMSFORD
271916,1182319,CENTRAL READERS' COUNCIL
1054436,1185070,CENTRE CHURCH
257932,1169759,CERAMIC CITY CHOIR
1074125,1174554,CHALKDOWN GROUP RIDING FOR THE DISABLED ASSOCIATION
1120388,1167828,CHANGES BRISTOL LTD
213937,1182011,CHARLES LORD-DENTON ALMSHOUSES
1073540,1174653,CHARLTON PARK RIDING FOR THE DISABLED ASSOCIATION
251424,1175725,"CHARTER STREET MISSION, SUNDAY SCHOOL AND WORKING GIRLS' HOME (ORIGINALLY KNOWN AS CHARTER STREET RAGGED SCHOOL AND WORKING GIRLS HOME)"
1065539,1188734,CHATTERBOX PRE-SCHOOL PLAYGROUP
1129111,1193212,CHEAM BAPTIST CHURCH
1096375,1162278,CHEDDINGTON VILLAGE HALL
1147108,1172659,CHESTERHILL CHARITABLE TRUST LIMITED
328385,1171479,CHILD MIGRANTS TRUST
282743,1172322,CHILDREN'S WORLD
1109718,1189799,CHIPS GUILDFORD
1132304,1186334,CHRISTCHURCH BAPTIST CHURCH
1140769,1184289,CHRISTCHURCH MARKET HARBOROUGH
1039823,1131658,CHRISTIAN MEDICAL FELLOWSHIP
1117557,1188750,CHRYSALIS CENTRE FOR CHANGE
1146284,1172694,CITY OF SANCTUARY SHEFFIELD
1088563,1194929,CIVIL AID VOLUNTARY RESCUE ASSOCIATION (CAVRA)
1132281,1197726,CLEAN SLATE
1151860,1164877,CLEERWAY COMMUNITY CHURCH
1119630,1194581,CLEFT
1133735,1182579,CLEVEDON BAPTIST CHURCH
523549,1186317,CLIFFORD VILLAGE HALL
508753,1182047,CLIFTON COMMUNITY ASSOCIATION
303229,1148357,CLOCKHOUSE COMMUNITY ASSOCIATION
506956,1161672,COCKERMOUTH MOUNTAIN RESCUE TEAM
214953,1188363,CODDINGTON VILLAGE HALL
1009211,1154320,COLCHESTER SCHOOL OF GYMNASTICS
302357,1182267,COLNEY HEATH VILLAGE HALL
305988,1170994,COMBINED CADET FORCE ASSOCIATION
1006643,1188251,COMMUNICATION UNLIMITED
1104662,1167437,COMMUNITIES WELFARE NETWORK
803013,1172135,COMMUNITY CARE NORTH BUCKS (CCNB)
1148877,1177705,COMMUNITY MATTERS (YORKSHIRE)
296940,1193803,COMMUNITY USE FOR THE OLD STATION
251396,1156033,CONWAY HALL ETHICAL SOCIETY
1056923,1170091,CORNWALL ONE PARENT SUPPORT
1108093,1160773,CORNWALL PEOPLE FIRST
1149847,1192490,CÔR Y GLEISION/CARDIFF BLUES CHOIR
505092,1194997,COTTESMORE VILLAGE HALL TRUST
1051003,1168634,COUNSELLING PLUS COMMUNITY
1141386,1162524,COWBRIDGE MUSIC FESTIVAL
1056342,1183483,CRAIG Y DON PLAYSCHOOL
1122188,1187708,CRAMLINGTON UNITED FOOTBALL CLUB
280857,1173791,CRAWLEY DOWN COMMUNITY CENTRE ASSOCIATION
511194,1171649,CRAWSHAWBOOTH COMMUNITY ASSOCIATION
1042598,1184797,CROCO-DOCO-DILE PLAYGROUP
506066,1169235,CROMFORD COMMUNITY CENTRE ASSOCIATION
1047002,1189980,CROWMARSH PRE-SCHOOL
1037680,1186585,CRUDWELL PRE-SCHOOL
515020,1156649,CUMBRIA DEVELOPMENT EDUCATION CENTRE
1096438,1174780,CYFEILLION YSGOL GYMUNED PENISARWAUN
1160283,1184037,CYLCH MEITHRIN ALLTCAFAN
1054837,1193412,CYLCH MEITHRIN AWEL Y MYNYDD
1056295,1193056,CYLCH MEITHRIN BEDDAU
1055793,1186323,CYLCH MEITHRIN BODAWEN
1169809,1193905,CYLCH MEITHRIN BRO DYSYNNI
1056011,1185326,CYLCH MEITHRIN CARMEL
1075891,1194580,CYLCH MEITHRIN CHWILOG
1059445,1194640,CYLCH MEITHRIN CORRIS
1056997,1196772,CYLCH MEITHRIN CRICCIETH
1054974,1182051,CYLCH MEITHRIN CRYMYCH
1062947,1196259,CYLCH MEITHRIN FELINFOEL
1058397,1194106,CYLCH MEITHRIN FFAIRFACH
1056090,1190594,CYLCH MEITHRIN GARNDOLBENMAEN
1081636,1191324,CYLCH MEITHRIN LLANBEDR
1090927,1198334,CYLCH MEITHRIN LLANGYNNWR
1069386,1190453,CYLCH MEITHRIN LLANUWCHLLYN
1055897,1178512,CYLCH MEITHRIN LLECHRYD
1053669,1187512,CYLCH MEITHRIN MACHYNLLETH
1066229,1193089,CYLCH MEITHRIN MAES Y MORFA
1056435,1187891,CYLCH MEITHRIN MWY ABERGELE
1055792,1187439,CYLCH MEITHRIN MWY YSGOL TWM O'R NANT
1178052,1182121,CYLCH MEITHRIN MYNYDDYGARREG
1090290,1178377,CYLCH MEITHRIN PENCADER
1056905,1178816,CYLCH MEITHRIN PENPARC
1125182,1185641,CYLCH MEITHRIN PLANT BACH SARN
1056969,1193137,CYLCH MEITHRIN PORTHMADOG
1056138,1182224,CYLCH MEITHRIN PWLLHELI
1055780,1186799,CYLCH MEITHRIN RHOSYBOL
1055292,1195099,CYLCH MEITHRIN SEIONT A PHEBLIG
1054836,1194450,CYLCH MEITHRIN TALYSARN
1146571,1194514,CYLCH MEITHRIN Y DELYN
1057675,1184382,CYLCH MEITHRIN Y FENNI
1088989,1182115,CYLCH MEITHRIN Y FFLINT
1056413,1194800,CYLCH MEITRHIN BRO ELFED
1152174,1196041,CYLCH Y COED
1092456,1169424,CYMDEITHAS TREWYDDEL
1002926,1174402,CYNTHIA SPENCER HOSPICE CHARITY
1067739,1177145,DAISY'S DREAM
1098764,1163317,DALTON LE DALE COMMUNITY ASSOCIATION
1152158,1176596,DAME AGNES WESTON'S ROYAL CHARITY FOR THE NAVAL SERVICE
297302,1168979,DANBURY VILLAGE HALL
1123889,1168827,DARLEY DALE PRESCHOOL AND NURSERY
700129,1188452,DARLINGTON AND DISTRICT TALKING NEWSPAPER ASSOCIATION
292063,1158619,DAUXWOOD PRE-SCHOOL GROUP
1102867,1156860,DEAF HILL WARD REGENERATION PARTNERSHIP
1086927,1157624,DENTON HOLME COMMUNITY ASSOCIATION
511221,1198808,DERBY CITY AND DISTRICT TALKING NEWSPAPER ASSOCIATION
511766,1159537,DERBYSHIRE ALCOHOL ADVICE SERVICE
219759,1193099,DERRINGTON VILLAGE HALL
327326,1155117,DESIGN HISTORY SOCIETY
517354,1153377,DEVELOPMENT EDUCATION CENTRE (SOUTH YORKSHIRE)
1078952,1188959,DEVIZES ARTS FESTIVAL
1143533,1181126,DIDSBURY CIVIC SOCIETY
1061702,1198841,DISABILITY INFORMATION SERVICE HUNTINGDONSHIRE
1166385,1197061,DISCOVERU
311120,1168112,DISS MUSEUM
1098619,1178719,DOG ASSISTANCE IN DISABILITY
1067127,1176552,DOORWAY
1073818,1169215,DORSET MENTAL HEALTH FORUM
232548,1158507,DOWNSIDE ABBEY GENERAL TRUST
1094631,1191830,DOWNSIDE PRE-SCHOOL
513882,1195660,DOWNS LIGHT RAILWAY TRUST
1099967,1169143,DUDLEY BOROUGH INTERFAITH NETWORK
264886,1195295,DULVERTON TOWN HALL
303205,1169408,DULWICH VILLAGE PRE-SCHOOL
1051569,1168266,DUNSTON FAMILY CHURCH
222673,1191033,DURHAM AGED MINEWORKERS' HOMES ASSOCIATION
520769,1185652,DURHAM COMMUNITY ASSOCIATION
700259,1172534,EASINGWOLD DISTRICT COMMUNITY CARE ASSOCIATION
1046052,1190589,EAST ANGLIAN BANGLADESHI ISLAMIC TRUST
522820,1183455,EASTERN GREEN VILLAGE HALL
1013950,1182308,EAST KESWICK WILDLIFE TRUST
1116449,1197758,EAST LEAKE AND DISTRICT LOCAL HISTORY SOCIETY
702112,1191110,EASTRINGTON VILLAGE HALL ASSOCIATION
1074108,1168148,EAST SUFFOLK RIDING FOR THE DISABLED ASSOCIATION
293273,1169451,EATON SOCON PRE-SCHOOL
501973,1166746,ECKINGTON FRIENDSHIP CLUB
224741,1188344,EDWARD HOLT TRUST
1015729,1201899,EDWINSTREE SCHOOL ASSOCIATION
1084214,1193462,ELLINGHAM VILLAGE HALL
302447,1189231,ELM COURT YOUTH AND COMMUNITY CENTRE
302362,1186436,ELSENHAM COMMUNITY ASSOCIATION
1127268,1186269,EMMANUEL EVANGELICAL CHURCH (BAPTIST) NEWPORT
1015587,1154632,ENGLISH SPRINGER SPANIEL WELFARE
1036423,1157720,ERB'S PALSY GROUP
301449,1185252,ESSEX COUNTY FEDERATION OF YOUNG FARMERS' CLUBS
299615,1167403,EUROPEAN CONSORTIUM FOR POLITICAL RESEARCH
1139962,1170633,EVERY HUMAN MATTERS
1130879,1190876,EXTRA MILE
1185697,1196900,FAIRPLAY4US
1029088,1195491,FAIRVIEW UNDER FIVES GROUP
1169831,1175792,FAITH AGLOW MINISTRIES
1170242,1186184,FAKENHAM BAPTIST COMMUNITY CHURCH
1145405,1193045,FALMOUTH & EXETER STUDENTS' UNION
1002009,1183964,FAMILIES FIRST (NORTH EAST)
1063035,1152892,FAMILY LIFE CHRISTIAN CENTRE
1119358,1196808,FAMILY SUPPORT LINK
1141009,1171389,FAMILY VOICE PETERBOROUGH
201348,1187181,FARLEY HOSPITAL
1150233,1185143,FARNWORTH BAPTIST CHURCH
1039603,1160027,FATIMA WOMEN'S ASSOCIATION
1136009,1174796,FEEDING FUTURES
305368,1185601,FERNHURST RECREATION GROUND TRUST
286318,1189325,FISH VOLUNTEER CENTRE
1096374,1195672,FLAME INTERNATIONAL
1045360,1155663,FLEDGLINGS PRE-SCHOOL
261384,1169526,FLEET HOSPITAL AND COMMUNITY FRIENDS
282259,1185826,FLEETVILLE COMMUNITY CENTRE
1189546,1129461,FLIGHTS FOR LIFE
1015318,1195503,FOUNDRY UNDER FIVES
1088429,1169984,FOUNTAIN OF WISDOM MINISTRIES
1087097,1178799,FOX SCHOOL ASSOCIATION
1008459,1161926,FREEDOM CHURCH HEREFORD
1015592,1194237,FREELAND PRE-SCHOOL
1056130,1186179,FRESHWATERS CONTACT CENTRE
1032083,1192837,FRIENDS OF ASHPERTON PRIMARY ACADEMY
1154998,1188060,FRIENDS OF BROOMHILL
1189142,1199785,FRIENDS OF CLAPHAM COMMON
272195,1157116,FRIENDS OF COLERNE CHURCH
1181235,1184307,FRIENDS OF DAVENPORT HOUSE
1057851,1159732,FRIENDS OF HEREWARD COLLEGE
1116316,1185262,FRIENDS OF KHASDOBIR BANGLADESH
517647,1173789,FRIENDS OF KILLHOPE
270864,1187814,FRIENDS OF MIR
296413,1178763,FRIENDS OF NUNHEAD CEMETERY
513449,1185584,FRIENDS OF PENDLE HERITAGE
1116880,1183373,FRIENDS OF PICU
1108785,1170838,FRIENDS OF RSVP WEST REGION
1011366,1191429,FRIENDS OF THE ISRAEL OPERA TRUST
1097976,1162180,FRIENDS OF UPMINSTER WINDMILL
222871,1195675,FRIENDS OF YORK MINSTER
227414,208465,FUEL ALLOTMENT
1040544,1171257,FULFORD PRE-SCHOOL
1005211,1163073,FURNESS RAILWAY TRUST
1080404,1197287,FYLDE TRANSPORT TRUST
1008924,1183553,GAMEKEEPERS WELFARE TRUST
1073791,1176116,GARTMORE RIDING SCHOOL RIDING FOR THE DISABLED ASSOCIATION
288415,1180163,GEORGE STREET COMMUNITY CENTRE FENNY STRATFORD
1133644,1179035,GHAUSIA CENTRE
233942,1169112,GILLINGHAM BAPTIST CHURCH
1066544,1165670,GLENRIDDING PUBLIC HALL
1127374,1164226,GLOBAL ARTS KINGSTON
275036,1188733,GLOBAL FELLOWSHIP OF CHRISTIAN YOUTH
1122336,1139963,GLOUCESTER CATTLE SOCIETY LIMITED
1089263,1188171,GODMANCHESTER BAPTIST CHURCH
1097795,1168046,GOD'S VINEYARD MINISTRIES
271630,1160717,GOLDEN SUNSET TRUST
1151581,1194727,GOLDSMITHS STUDENTS' UNION
1096361,1197282,GORLIN SYNDROME GROUP
1122567,1183461,GOWER STREET
1107950,1170141,GRACE CHURCH BRIDGEND
1154943,1185990,"GRACE CHURCH, MUSWELL HILL"
1038463,1186689,GRACE CHURCH WEST WALES
1105239,1162960,GRACE COMMUNITY CHURCH
1146588,1195874,GRANTHAM FOODBANK
1020884,1190516,GRAPPENHALL PRE-SCHOOL
1057468,1163427,GRASSROOTS PROGRAMME
1004743,1158767,GREAT AYCLIFFE VILLAGE HALL ASSOCIATION
1141944,1151616,GREAT BARTON FREE CHURCH
1143966,1189175,GREATER MANCHESTER FIRE SERVICE MUSEUM TRUST
1123500,1181709,GREATER READING NEPALESE COMMUNITY ASSOCIATION
1110207,1150667,GREATHAM COMMUNITY ASSOCIATION LIMITED
1147413,1193487,GREAT LIGHT CHURCH LTD
303959,1182009,GREAT MASSINGHAM VILLAGE HALL AND INSTITUTE
1138296,1156314,GREAT PARKS CHAPEL MANAGEMENT TRUST
1017907,1169731,GREENACRES COMMUNITY ASSOCIATION
1085414,1184437,GREEN HILL TRUST
1104573,1185734,GRENADINE
1127746,1150927,GROVE CHAPEL
1010797,1182474,GROVE DAY CENTRE FOR THE ELDERLY
1067000,1163792,HACKNEY PLAYBUS
1013051,1191159,HACKNEY YOUTH ORCHESTRAS TRUST
521109,1163441,HALEWOOD YOUTH IN COMMUNITY CENTRE
1002675,1150445,HALOW (BIRMINGHAM)
288957,1151174,HAMBLEDON NURSERY SCHOOL LTD
1134213,1186058,HAMPSHIRE AND ISLANDS AREA QUAKER MEETING
1109271,1175497,HAMSTERLEY TRAILBLAZERS
287553,1193539,HANHAM TODDLERS PRESCHOOL
1150608,1192811,HARBURY JUNIORS FOOTBALL CLUB
277169,1183526,HARPENDEN AND DISTRICT LOCAL HISTORY SOCIETY
1025526,1183475,HARPOLE PRE-SCHOOL
298763,1181824,HARROW INTERNATIONAL CHRISTIAN CENTRE
1033055,1158901,HARTFIELD PLAYSCHOOL
1135282,1160346,HARTLEPOOL BEREAVEMENT SERVICE
300161,1157858,HARWELL VILLAGE HALL
1164554,1014678,HASTINGS BADGER PROTECTION SOCIETY
296457,1198985,HAVERHILL AND DISTRICT LOCAL HISTORY GROUP
1020897,1200590,HEADINGTON COMMUNITY ASSOCIATION
1119272,1164520,HEADLANDS OUT OF SCHOOL CLUB
1158474,1187677,HEALTH CARE 4 ALL INTERNATIONAL (HC4AI)
1036162,1196447,HELLESDON COMMUNITY PRE-SCHOOL
1158066,1186387,HEMEL VINEYARD CHURCH
219334,1190244,HENLEY-IN-ARDEN WAR MEMORIAL TRUST
510732,1174917,HEREFORDSHIRE BEEKEEPERS' ASSOCIATION
1154794,1188902,HERRINGTHORPE UNITED REFORMED CHURCH
507077,1177670,HESWALL DISABLED CHILDREN'S HOLIDAY FUND
510867,1177451,HETT VILLAGE HALL ASSOCIATION
278035,1189336,HIGHCLIFFE COMMUNITY ASSOCIATION
1134868,1191586,HINCKLEY BAPTIST CHURCH
1039172,1180397,HINDU CULTURAL ASSOCIATION DUDLEY (MATA DA MANDIR)
1116704,261646,HINDU CULTURAL ORGANISATION
1130726,1195343,HISTON BAPTIST CHURCH
1103835,1191016,HOLDING ON LETTING GO
800465,1151738,HOLY MISSION OF GURU NANAK
1032568,1160447,HOME-START BRACKNELL FOREST
1032260,1189897,HOME-START GREENWICH
1054644,1154609,HOME-START GUILDFORD
700797,1161151,HOME-START YORK
1127869,1187113,"HOPE BAPTIST CHURCH, PLYMOUTH"
1109846,1184061,HOPE CHURCH MERTHYR
1127042,1189188,HORN OF AFRICA CHARITY ORGANISATION
1112869,1169561,HOSPICE HOPE
272046,1191302,HOSPITAL RADIO BASINGSTOKE
1135243,1193789,HOUSE OF HODGE
1064343,1183268,HOUSE OF THE OPEN DOOR
1051091,1187602,HOVE CIVIC SOCIETY
1122488,1190830,HUDDERSFIELD PREGNANCY CRISIS CENTRE
1141201,1152549,HULL UNIVERSITY UNION LIMITED
513381,1170070,HUNSWORTH COMMUNITY ASSOCIATION
1073735,1186377,HUNTINGDON AND DISTRICT RIDING FOR THE DISABLED ASSOCIATION
1163806,1170241,HURST GREEN EVANGELICAL CHURCH
301346,1164605,HUTTON COMMUNITY CENTRE
1068075,1165029,HUTTON MAGNA VILLAGE HALL
1082188,1175752,HYTHE BAY CHILDREN'S CENTRE
259078,1194760,IFIELD BARN THEATRE SOCIETY
1151786,1188972,ILKETSHALL ST LAWRENCE PRE-SCHOOL
1075650,1172217,IMAM ALI FOUNDATION
1110642,1187709,INDIAN QUEENS VICTORY HALL
1141194,1186618,INTERNATIONAL COMMUNITY ORGANISATION OF SUNDERLAND
1149959,1181613,INTERNATIONAL PRAISE CENTRE
1151959,1191720,INTERNATIONAL TAOIST SOCIETY
298345,1177169,INVOLVE - VOLUNTARY ACTION IN MID DEVON
1100259,1160490,ISLAMIC HELP
1075875,1189478,ISLAMIC INFORMATION CENTRE BRISTOL
900177,1156683,ISLE OF WIGHT CHRISTIAN FELLOWSHIP
518645,1170028,ISRAAC SOMALI COMMUNITY ASSOCIATION
1078300,1170126,ITESO WELFARE ASSOCIATION ( IWA )
1090801,1192383,JACK AND JILL PLAYGROUP
1152084,1161904,JAMES HIRONS
1000870,1183110,JAMES HOPKINS TRUST
213834,1164572,JAPAN CHRISTIAN LINK
209197,1167024,JARVIS ELEEMOSYNARY CHARITY
1093740,1163970,JEREMY COLLER FOUNDATION
1019755,1186940,JERMYN STREET THEATRE
200232,1155042,JERRY GREEN DOG RESCUE
272365,1184544,JEWELLERY AND SILVER SOCIETY OF OXFORD
1075932,1173733,JIGSAW YOUTH THEATRE
1165551,1147613,JUST WHIPPETS RESCUE
701626,1187137,KEIGHLEY YOUTH THEATRE
1119247,1189374,KENFIG HILL AND PYLE BOWLS CLUB
1083467,1174002,KENNET VALLEY FREE CHURCH
1138210,1183556,KENT UNION
304779,1186279,KESGRAVE WAR MEMORIAL COMMUNITY CENTRE
519298,1160940,KESWICK AGRICULTURAL SOCIETY LIMITED
1144471,1185084,KETTERING STREET PASTORS
1155086,1161707,KIDS NEED BOTH PARENTS
1115059,1162779,KIDZ2GETHER
1015027,1189769,KILLINGWORTH YOUNG PEOPLES CLUB
289014,1168366,KINGSCLERE COMMUNITY ASSOCIATION
233266,1189234,KINGSCLERE VILLAGE CLUB
1059882,1183048,KINGSMEAD PRE-SCHOOL
1052604,1170270,KINGS PARK CHRISTIAN CENTRE
202502,1182389,KINGSTON-UPON-THAMES UNITED CHARITIES
257551,1160403,KINGSTON VOLUNTARY ACTION
1121482,1185899,KING STREET PRE-SCHOOL
1145886,1192345,KINGSWAY RESIDENTS ASSOCIATION
511238,1193493,KINGTON MUSEUM AND HISTORY CENTRE LTD
1070950,1155576,KIRKROYDS PRE-SCHOOL
513853,1171863,KIVETON PARK INDEPENDENT ADVICE CENTRE
1042123,1166099,KNOWLE UNITED CHARITY
1096470,1191123,KNUCKLAS AND DISTRICT COMMUNITY CENTRE
1029723,1162435,LADYBIRD PLAYGROUP THRIPLOW
282993,1161426,LADYBIRDS PRE-SCHOOL NEWBURY
234978,1173760,LADY GOULD'S CHARITY
1138622,1172269,LANCASTER UNIVERSITY STUDENTS' UNION
1076445,1189565,LAWRENCE HOME NURSING TEAM LIMITED
518322,1184967,LEAGUE OF FRIENDS OF THE ALEXANDRA HOSPITAL
1018262,1172643,LEAHURST ROAD PRE-SCHOOL
1147593,1187026,LEAMINGTON STUDIO ARTISTS
1093311,1194277,LEEDS BEREAVEMENT FORUM
1147558,1194863,LEEDS CITY ATHLETIC CLUB
1067630,1191030,LEEDS OLDER PEOPLE'S FORUM
1141297,1160845,LEEDS REFUGEE FORUM
1151574,1184182,LEEDS TRINITY STUDENTS UNION
1181271,1196278,LEESWOOD UNDER FIVES PLAYGROUP
217976,1190204,LEICESTER CHILDREN'S HOLIDAYS
1132036,1173298,LETCHWORTH BAPTIST CHURCH
288404,1159171,LEVERHULME TRADE CHARITIES TRUST
285641,1187279,LEWISHAM ISLAMIC CENTRE
1051890,1186922,LIFE CHURCH
1052563,1182297,LIFE CHURCH LICHFIELD
1077024,1165767,LINCOLNSHIRE TRAVELLER INITIATIVE
300563,1177853,LINKINHORNE PARISH HALL
1056723,1194353,LITTLE CHESTNUTS PRE-SCHOOL
1144488,1185936,LITTLE LEARNERS PRE SCHOOL
1041142,1175448,"LITTLE OAKS NURSERY, ACOMB"
1150387,1195544,LIVERPOOL HOPE STUDENTS' UNION
1104837,1152041,LIVERPOOL INTERNATIONAL NORDIC COMMUNITY
1149623,1187159,LLANDDULAS PLAYGROUP NURSERY
506201,1197280,LLANDOGO VILLAGE HALL
518300,1161335,LLANELLI MIND
1026018,1186971,LLANFAIRFECHAN PLAYGROUP
1023170,1185757,LLANGYNIDR PRESCHOOL
516674,1150948,LLUEST HORSE AND PONY TRUST
286688,1158269,LONDON KALIBARI
271097,1190790,LONDON SRI MURUGAN TEMPLE
1078573,1157300,LONG BENNINGTON PRE-SCHOOL
1127039,1192575,LONG CRENDON BAPTIST CHURCH
1041174,1185798,LONGHAM COMMUNITY PRESCHOOL
1147822,1177775,LORDSHILL YOUTH PROJECT
1146696,1183625,LOUGHBOROUGH STUDENTS' UNION
514271,1180033,LOW HILL COMMUNITY ASSOCIATION
1074391,1191318,LUDLOW AND DISTRICT RIDING FOR THE DISABLED ASSOCIATION
1127169,1172010,LUNA CHILDREN'S CHARITY
1128412,1166376,LYMINGTON BAPTIST CHURCH
301880,1188765,LYMINGTON COMMUNITY ASSOCIATION
1018749,1193800,LYMPHOEDEMA SUPPORT NETWORK
1069401,1197730,M13 YOUTH PROJECT
501407,1155490,MALHAMDALE AGRICULTURAL AND HORTICULTURAL SOCIETY
224626,1170263,MANCHESTER CITY MISSION
1109990,1196560,MANCHESTER REFUGEE SUPPORT NETWORK
326847,1195209,MANDALA YOGA ASHRAM
1128672,1186226,MANOR COURT BAPTIST CHURCH NUNEATON
1165250,1188542,MANOR MUSICAL THEATRE COMPANY
1158031,1196483,MARCHWOOD YOUTH CLUB STEERING GROUP
1106545,1192602,MARKET DRAYTON AMATEUR OPERATIC AND DRAMATIC SOCIETY
1041958,1157787,MARKET HARBOROUGH AND THE BOWDENS CHARITY
1136330,1165695,MARKETPLACE MINISTRIES LIMITED
1130281,1158382,MARK EVISON FOUNDATION
1135957,1184409,MARTLESHAM HEATH AVIATION SOCIETY
1001743,1162115,MARY SEACOLE DAY NURSERY AND FAMILY SUPPORT UNIT
300570,1173925,MAWNAN RECREATION GROUND
1148680,1188773,MCKS CHARITABLE FOUNDATION UK
1073611,1164876,Meirionnydd Special Riding Group
1053135,1193915,MENTER IAITH RHONDDA CYNON TAF
1106171,1169026,MENTOR LINK
233136,1186660,MESSAGE ON THE MOVE
1016936,1166938,MID-SOMERSET FESTIVAL
1073736,1171410,MID SUSSEX RIDING FOR THE DISABLED ASSOCIATION
1142352,1153774,MIGRATION MUSEUM PROJECT
212993,1185939,MILL HILL PRESERVATION SOCIETY
1166399,1198503,MILLY'S SMILES
1062336,1191918,MILTON ABBAS TRUST FOR THE COMMUNITY AND HERITAGE
503782,1155535,MIND HALTON ASSOCIATION FOR MENTAL HEALTH
1000023,1156625,MIND IN SALFORD
1127277,1155802,MORECAMBE F.C. COMMUNITY SPORTS
301368,1177485,MORETON VILLAGE HALL
803089,1175289,MOTHER GOOSE PRE-SCHOOL
1011411,1182950,MOUNT HAWKE YOUTH AND COMMUNITY GROUP
234721,1182066,MOUNT PLEASANT BAPTIST CHURCH
1147509,1187005,MOUNT PLEASANT BAPTIST CHURCH
1152050,1182130,MOUNT SHILOH APOSTOLIC CHURCH
1014983,1164947,MUSLIM CARE
1126638,1166149,MUSLIM CHARITIES FORUM
509416,1190388,MUSLIM KHOJA SHIA ITHNA-ASHERI COMMUNITY OF LEICESTER
1138191,1195780,MUSLIM SPORTS FOUNDATION
1023694,1183810,NANT Y GROES PLAYGROUP
1138290,1193901,NASIRULAHI-WALI-FATHU GREATER MANCHESTER
1154124,1198388,NATIONAL ASSOCIATION FOR TEACHING ENGLISH AND OTHER COMMUNITY LANGUAGES TO ADULTS
1098156,1186918,NATURAL SCIENCES COLLECTIONS ASSOCIATION
701015,1164851,Newark and Sherwood Community Hub
1094647,1176756,NEWBALD VILLAGE HALL
1112707,1180409,NEWBIGGIN VILLAGE HALL
1134755,1192404,NEWBURY BAPTIST CHURCH
1146403,1189438,NEWCASTLE FRONTRUNNERS
1150816,1194404,NEWCASTLE STAFFS FOODBANK
279061,1145642,NEW CHARLTON COMMUNITY ASSOCIATION
283188,1188549,NEW ENGLAND WOOD TRUST
1019516,1184362,NEWMAN PRE-SCHOOL PLAYGROUP
279800,1185087,NEW SUSSEX OPERA
514673,1162535,NEWTON AYCLIFFE YOUTH & COMMUNITY CENTRE
1117843,1185170,N-GAGE
1019010,1193975,NILGIRIS TRUST
1097582,1049259,NK THEATRE ARTS
259593,1182629,NORTHAMPTON MUNICIPAL CHURCH CHARITY
1155712,1195265,NORTHAMPTONSHIRE SEARCH AND RESCUE
1027818,1168047,NORTH EAST ESSEX CHRISTIAN YOUTH OUTREACH
1138186,1174053,NORTHUMBRIA STUDENTS' UNION
1146609,1154401,NOTTINGHAM TRENT STUDENTS' UNION
301907,1180189,OAKLEY VILLAGE HALL
1094279,1173795,OLDER CITIZENS ADVOCACY YORK
1063189,1187419,OLD FELIXSTOWE NURSERY
1024220,1192887,OLDLAND PRESCHOOL
305087,1164738,OLD WOKING AND DISTRICT COMMUNITY CENTRE
1176620,1194413,OLYMPIAS MUSIC FOUNDATION
1170846,1195947,ONE BIG FAMILY - HELPING THE HOMELESS
1039520,1160125,OPEN AGE
1172191,1190929,OPEN TRAIL
1113535,1148240,OPERATION IMPREZZA
268942,1156988,ORE COMMUNITY ASSOCIATION
1104724,1174135,ORWELL DECORATIVE AND FINE ARTS SOCIETY
301159,1180156,OSMINGTON VILLAGE HALL
1139864,1175310,OVERSTONE PLAYING FIELD ASSOCIATION
1065601,1186114,OXFORD CONSERVATION VOLUNTEERS
277306,1187711,OXFORD OPERATIC SOCIETY
1142333,1167296,PADNELL PRE-SCHOOL
1172963,1194358,PARENTS OF MEONCROSS
1102387,1141463,Patel Samaj of Northampton
1070029,1185950,PAVILION PIRATES PRE-SCHOOL
1149888,1190250,PAWPRINTS DOG RESCUE
1001748,1160608,PEACEHAVEN HORTICULTURAL SOCIETY
1038573,1171624,PENTREDWR UNDER FIVE'S
1005753,1158735,PEOPLE EXPRESS
1071347,1173176,PERIVALE COMMUNITY ASSOCIATION
1047265,1185625,PERSON TO PERSON CITIZEN ADVOCACY
224640,1183388,PETER BIRTWISTLE TRUST
1155806,1031364,PETER PAN PLAYGROUP
1118762,1193529,PETERSFIELD AREA COMMUNITY TRUST
1160644,1187394,PETE'S DRAGONS
1057769,1189682,PEVENSEY CHURCH FARM TRUST
287065,1157856,PIMLICO FAMILY WORKSHOP TOY LIBRARY
269865,1160571,PINNER AND DISTRICT COMMUNITY ASSOCIATION
1173528,1191045,PLATFORM 67
1107347,1174041,PLAY@COTHERSTONE
1056824,1168079,PLYMOUTH HEARTBEAT
1081637,1179754,POLICE ROLL OF HONOUR TRUST
253261,1175952,POLISH YMCA SECTION IN GREAT BRITAIN
1063402,1176975,POOLE CHRISTIAN FELLOWSHIP
1098297,1159774,POSTURE AND MOBILITY GROUP
302446,1171110,POTTEN END VILLAGE HALL
520098,1176009,POYNTON YOUTH AND COMMUNITY CENTRE
1130580,1184772,PRESBYTERIAN CHURCH OF GHANA MILTON KEYNES CONGREGATION
1030903,1196776,PRESTON CHILDSPLAY
1148688,1183956,PRIDE IN NORTH CUMBRIA
1064864,1190196,PRIMARY SCIENCE TEACHING TRUST
520835,1152861,PRIMROSE COMMUNITY ASSOCIATION
1115615,1175427,PSC SUPPORT
1122988,1189923,QUBA MASJID AND EDUCATION CENTRE
270278,1163821,QUEEN ALEXANDRA'S ROYAL ARMY NURSING CORPS ASSOCIATION
1133587,1194152,RADIO HORTON
520056,1189426,RAINBOW PRE-SCHOOL (HANDFORTH)
1147756,1186733,RAMSEY NEIGHBOURHOODS TRUST
292645,1199027,RAMSEY PRE-SCHOOL
278522,1166313,RAPHAEL - THE JEWISH COUNSELLING SERVICE
1148067,1193874,RASTRICK JUNIOR FOOTBALL CLUB
1077916,1200209,RATTLESDEN PRESCHOOL
244974,1196377,READING HOSPITAL BROADCASTING SERVICE
1141637,1183803,REDBRIDGE FOODBANK
1131801,1182021,REDEEMED CHRISTIAN CHURCH OF GOD DISCIPLESHIP CENTRE PORTSMOUTH LTD
1106565,1185147,REDEEMED CHRISTIAN CHURCH OF GOD THE CHAPEL OF COURAGE
1013841,1176768,REFUGEE ACTION KINGSTON
1052530,1187890,RENEW CHURCH
1126002,1199084,RESOLVE
1073852,1187997,RICHMOND GOOD NEIGHBOURS
283919,1169035,RIDGEWAY COMMUNITY CHURCH
1147185,1170289,RIDGEWOOD PRESCHOOL
500486,1185859,RIPON CHORAL SOCIETY
1074810,1156422,RIVERSIDE COMMUNITY ASSOCIATION LIMITED
1111506,1189599,ROMANIAN ORTHODOX CHURCH & CENTRE
1126395,1158366,ROMAN RIVER MUSIC
1048042,1165714,ROSEHILL BAPTIST CHURCH
1170266,1196429,ROSELAND SURGERIES PATIENTS GROUP
508209,1195415,ROSSENDALE AND PENDLE MOUNTAIN RESCUE TEAM
1059376,1179121,ROTARY CLUB OF PANGBOURNE CHARITABLE TRUST
244708,1197541,ROYAL AIR FORCE MUSEUM
1159306,1189700,ROYAL ARTILLERY EQUESTRIAN CENTRE THORNEY ISLAND
1131194,1191273,ROYAL CENTRE FOR DEFENCE MEDICINE PATIENT WELFARE FUND
231322,1174874,ROYAL COMMONWEALTH EX-SERVICES LEAGUE
208204,1146162,ROYAL SOCIETY OF TROPICAL MEDICINE AND HYGIENE
276306,1171548,ROYSTON COMMUNITY ASSOCIATION
521307,1179466,RUFFORD VILLAGE HALL
1136990,1195167,RUGBY EVANGELICAL FREE CHURCH
518110,1197184,RUGBY GYMNASTICS CLUB
241028,1186008,RUTLAND AGRICULTURAL SOCIETY
1140582,1191301,RUTLAND SINFONIA
1069586,1170988,RYEDALE SPECIAL FAMILIES
1164430,506572,RYHOPE COMMUNITY ASSOCIATION
1120853,1177030,SAINTS COMMUNITY DEVELOPMENT FOUNDATION LTD
1073214,1186478,SALFIA ASSOCIATION
270950,1179749,SALTDEAN COMMUNITY ASSOCIATION
1185022,1150313,SANCTUS
1131021,1175066,SANDWELL VISUALLY IMPAIRED
240354,1194592,SCARBOROUGH AND DISTRICT MENCAP
256085,1174125,SCARBOROUGH AND RYEDALE MOUNTAIN RESCUE TEAM
1071090,1183490,SCARBOROUGH SOCIAL ACTION CENTRE (ST MARY'S WITH HOLY APOSTLES)
518537,1178396,SCHOOL AYCLIFFE COMMUNITY ASSOCIATION
1027763,1183122,SCOTTER PRE-SCHOOL
240985,1170646,SCROPTON RIDING FOR THE DISABLED CENTRE
1149058,1175859,SEA LIFE TRUST LIMITED
522130,1123594,SEATON DELAVAL AND HOLYWELL COMMUNITY ASSOCIATION LTD
1151541,1193737,SEEDS4SUCCESS
1028820,1162118,SELBY DISTRICT PETER PAN NURSERY
1148000,1189346,SERV SUFFOLK & CAMBRIDGESHIRE
1095091,1186903,SFAC
1076670,1171418,SHA'AREI TSEDEK NORTH LONDON REFORM SYNAGOGUE
1093405,1183288,SHACKERSTONE VILLAGE HALL
1040576,1185804,SHAKESPEARE LINK
1004002,1183155,SHARED EARTH TRUST
1127090,1168458,SHINE RELIEF TRUST
1019292,1189788,SHIPDHAM PRE-SCHOOL
1126760,1190227,SHOOTING STARS GYMNASTICS CLUB
1060927,1167327,SHOPMOBILITY STOCKPORT
1003557,1164389,SHROPSHIRE BEEKEEPERS ASSOCIATION
1102986,1187362,SHROPSHIRE PEER COUNSELLING AND ADVOCACY SERVICE
1100487,1182656,SINCERE SUPPORT
1102863,1174679,SISTERS OF CHRIST UK DEVELOPMENT FUND CHARITY
509475,1184507,SKELMERSDALE ECUMENICAL CENTRE
1130300,1181773,SKIPTON BAPTIST CHURCH
1039013,1196579,SOCIETE GENERALE UK FOUNDATION
230286,1190632,SOCIETY OF CONSULTING MARINE ENGINEERS AND SHIPS SURVEYORS - BENEVOLENT FUND
1142382,1153350,SOLENT STUDENTS' UNION
1064688,1174454,SOLIHULL SHOPMOBILITY
1105747,1188705,SOS AFRICA
255718,1196972,SOUTHAMPTON SOCIETY FOR THE BLIND
272090,1182153,SOUTHBOURNE AND DISTRICT AGE CONCERN
1073721,1136630,SOUTH BUCKINGHAMSHIRE RIDING FOR THE DISABLED ASSOCIATION
1093471,1188608,SOUTH CHESHIRE CLASP
1000003,1200189,SOUTHERN AFRICA RESOURCES CENTRE
214140,1182486,SOUTH LINCOLNSHIRE BLIND SOCIETY
221585,1164398,SOUTHPORT DRAMATIC CLUB
327284,1198177,SOVEREIGN WORLD TRUST
1142329,1170548,SPACE SCIENCE AND ENGINEERING FOUNDATION
1074202,1179616,SPARKFORD RIDING FOR THE DISABLED ASSOCIATION GROUP
1050340,1170497,SPENNYMOOR YOUTH AND COMMUNITY ASSOCIATION
1150675,1190224,STAITHES FESTIVAL OF ARTS AND HERITAGE
524004,1187982,STANNINGTON COMMUNITY ASSOCIATION
1035323,1158079,STAREHE UK
1172553,1196931,STAR REACHERS COMMUNITY INITIATIVE
1027672,1183034,ST ASAPH COMMUNITY PLAYGROUP
1047856,1186457,ST AUGUSTINE'S COMMUNITY CARE TRUST
1104658,1185840,STAWLEY RURAL COMMUNITY INITIATIVE
273180,1197538,ST BARTHOLOMEW'S HOSPITAL CHORAL SOCIETY
1183439,518495,ST DONATS NURSERY SCHOOL
1129201,1182787,STEPPING STONES DS
301200,1171496,STEPS CLUB FOR YOUNG PEOPLE
208741,1188749,ST FRANCIS LEPROSY GUILD
1093279,1172056,STITCHES IN TIME
803370,1186670,ST IVES CHRISTIAN FELLOWSHIP
1022934,1167643,ST JAMES COTTAGE NURSERY
1097518,1145008,ST MARGARET'S COMMUNITY PARTNERSHIP
1028825,1191861,ST MARGARET'S PRE-SCHOOL
288754,1186879,ST MARY'S CHRISTIAN WORKERS TRUST
1073989,1161763,STOCKPORT FAMILY CHURCH
1116574,1183744,STOKE MANDEVILLE SPINAL RESEARCH
1099724,1164768,STOREHOUSE COMMUNITY TRUST
1026076,1197903,ST PADARNS PLAYGROUP
304823,1196834,STRADBROKE SPORTS AND COMMUNITY CENTRE
294719,1171337,ST SEBASTIAN'S PLAYING FIELD TRUST
249981,1154806,SUFFOLK PRESERVATION SOCIETY
1137355,1187478,SUFFOLK RAPE CRISIS
283615,1188399,SUKKAT SHALOM REFORM SYNAGOGUE
1132110,1165312,SULGRAVE CLUB LIMITED
1090717,1196126,SUNDERLAND HEADLIGHT
1089465,1193209,SUNDERLAND MARITIME HERITAGE
1051237,1170069,SUNFLOWER AFTER SCHOOL CLUB
1036703,1183918,SUNSHINE PRE-SCHOOL GREAT GONERBY
1145992,1171264,Surrey Hills International Music Festival
1144329,1194397,SURREY SEARCH AND RESCUE
1047103,1191837,SURVIVE
1123041,1156639,SUSTAINABLE MERTON
299254,1156995,SWAN LIFELINE
1105624,1168894,SWANSEA CANAL SOCIETY
301965,1184234,SWAY VILLAGE HALL
1032200,1168574,SWINDON CHILDRENS SCRAPSTORE
1096089,1158449,SWINDON DOWN'S SYNDROME GROUP
1128072,1187554,SWINDON NIGHT SHELTER
268048,1175148,SWINDON WOMEN'S AID
1170534,1190960,TAG YOUTH CLUB FOR DISABLED YOUNG PEOPLE
1108294,1185913,TALKING NEWS FEDERATION
1138419,1184964,TALKING NEWS ISLINGTON
1039466,1175784,TARPORLEY DONE ROOM PRE-SCHOOL
1129586,1163180,TARVIN COMMUNITY WOODLAND TRUST LTD
221034,1163429,TATTERSALL'S ALMSHOUSES
1116933,1172429,TEESDALE VILLAGE HALLS CONSORTIUM
1145209,1177154,TEWKESBURY BAPTIST CHURCH
1133545,1184057,THE 5BEL CHARITABLE TRUST
1095882,1157009,THE ABASEEN FOUNDATION U.K.
206809,1177106,THE ACTORS' CHILDREN'S TRUST
1097853,1190930,THE AIM PROJECT
507588,1159263,THE ALEX GROUP
273158,1190082,THE ALEX MOULTON CHARITABLE TRUST
249636,1193977,THE ARMED FORCES' CHRISTIAN UNION (AFCU)
275655,1195899,THE ASSOCIATION OF APPLIED BIOLOGISTS
1072410,1182793,THE ASTON MARTIN HERITAGE TRUST
290909,1195761,THE ATHENAEUM SINGERS
1070117,1159840,THEATRE ROYAL HAYMARKET MASTERCLASS TRUST
1068507,1184296,THE BARKING MUSLIMS ASSOCIATION
1072233,1157033,THE BELAH CENTRE
227211,1175027,THE BERROW COTTAGE HOMES
1013523,1190303,THE BETHLEM ART AND HISTORY COLLECTIONS TRUST
218393,1194569,THE BIRMINGHAM BACH CHOIR
500654,1193786,THE BIRMINGHAM PHILHARMONIC ORCHESTRA
259843,1196292,THE BLACKHEATH SOCIETY
205916,1165878,THE BLUE HOUSE
1135117,1175954,THE BOLEH TRUST
1052621,1192448,THE BRIDGE CHURCH RETFORD
1073759,1178918,THE BRIDGE FOUNDATION
1086445,1158111,THE BRITANNIA ASSOCIATION
326051,1197009,THE BRITISH FOOTWEAR DEVELOPMENT TRUST
206847,1171659,THE BRITISH SOCIETY FOR PARASITOLOGY
274156,1182442,THE BRITISH SPORTING ART TRUST
1080688,1183501,THE BROMLEY CHRISTIAN WORKERS TRUST
1123102,1154468,THE BURBERRY FOUNDATION
295019,1187286,THE BURLINGTON MAGAZINE FOUNDATION
200344,1167753,THE BYFLEET UNITED CHARITY
232114,1194181,THE CABE BENEVOLENT FUND
1086867,1189927,THE CAMBRIAN VILLAGE TRUST LIMITED
277275,1191611,THE CAMELIA BOTNAR FOUNDATION
1146296,1151080,THE CASS FOUNDATION LIMITED
286669,1182637,THE CHILDREN'S CANCER AND LEUKAEMIA GROUP
326853,1150413,THE CHILDWICK TRUST
263596,1193889,THE CHIPSTEAD PLAYERS
1157310,1182006,THE CINQUEFOIL TRUST
1107838,1190577,THE CIRCUS PROJECT
242675,1183301,THE CLEARY FOUNDATION
300379,1189495,THE COMBERTON VILLAGE INSTITUTE
1000555,1188766,THE CORNWALL DIABETIC EDUCATION CENTRE TRUST
700816,1183927,THE COVENHAM ST BARTHOLOMEW HERITAGE TRUST
230679,1172032,THE CRESCENT HOUSE CHARITY
280528,1172732,THE CYCLAMEN SOCIETY
216790,1187905,THE DADS LANE COMMUNITY ASSOCIATION
265594,1189807,THE DEVON HISTORIC CHURCHES TRUST
500000,1156176,THE DISABILITY ADVICE PROJECT
1128178,1175863,THE DOWNRIGHT SPECIAL NETWORK
1013310,1194018,THE EASTER TEAM
234116,1166934,THE EAST LOOE TOWN TRUST
1108199,1186451,THE EGMONT TRUST
1002459,1156066,THE ENGINEERING DEVELOPMENT TRUST
306003,1173338,THE ENGLISH SCHOOLS' FOOTBALL ASSOCIATION
800014,1183802,THE ERMINE STREET GUARD
229665,1197205,THE ERNEST KLEINWORT CHARITABLE TRUST
1088797,1163448,THE EUREKA CHARITABLE TRUST
1054454,1190135,THE EVANGELICAL CHURCH
1062339,1196287,THE FAMILY CENTRE (DEAF CHILDREN)
1182666,702287,THE FARM ANIMAL SANCTUARY
1119492,1153858,THE FLICKA FOUNDATION
288790,1194017,THE FORTRESS STUDY GROUP
209895,1166703,THE FRIENDLY ALMSHOUSES
501362,1195865,THE FRIENDS OF LLANDAFF CATHEDRAL
1051584,1191379,THE FRIENDS OF PORTFIELD SCHOOL
275527,1184000,THE FRIENDS OF THE IPSWICH MUSEUMS
1072092,1173333,THE FRIENDS OF THE MILESTONE SCHOOL
520798,1186080,THE FROSTERLEY VILLAGE HALL AND INSTITUTE
286439,1198812,THE GOVERNMENT COMMUNICATIONS FUND
1137056,1167347,THE GRANGE AREA TRUST
1002545,1183988,THE HALESWORTH AND DISTRICT MUSEUM
1097227,1171368,THE HARBOUR PROJECT FOR SWINDON REFUGEES AND ASYLUM SEEKERS
1037467,1193869,THE HARGREAVES NARROWBOAT TRUST
261798,1161931,THE HARWICH SOCIETY
801800,1190580,THE HELP TIBET TRUST
327296,1174778,THE HENRY WOOD CHAMBER ORCHESTRA
1128167,1177819,THE HIDRADENITIS SUPPURATIVA TRUST
1121006,522861,THE HIGHBALL TRUST (BIRMINGHAM)
265651,1191240,THE HIGHGATE CHORAL SOCIETY
1102630,1186520,THE HOLLOW LANE CLUB
1127213,1172234,THE HONOURABLE COMPANY OF MASTER MARINERS AND HOWARD LEOPOLD DAVIS CHARITY
1141654,1170553,THEHORSECOURSE
200285,1186592,THE HOSPITAL OF WILLIAM PARSON
1011063,1186735,THE HYPERMOBILITY SYNDROMES ASSOCIATION
802769,1186258,THE INASMUCH TRUST
283875,1160312,THE INTERNATIONAL SHAKESPEARE ASSOCIATION
1158794,1183025,THE IPSWICH AND EAST SUFFOLK BEEKEEPERS' ASSOCIATION
1090580,1163459,THE JAGCLIF CHARITABLE TRUST
326880,1192831,THE JANET NASH CHARITABLE SETTLEMENT
284085,1158316,THE JENNER TRUST
248799,1158476,THE JERUSALEM AND THE MIDDLE EAST CHURCH ASSOCIATION
1014034,1172123,THE KAMBIA APPEAL
1116440,1150048,THE KAREN CLIFFORD SKIN CANCER CHARITY
296591,1173016,THE KEW SOCIETY
1102045,1188382,THE KOHIMA EDUCATIONAL TRUST
1017241,1088198,THE LABRADOR RESCUE TRUST
529593,1181127,THE LAURENCE STERNE TRUST
1118987,1181127,THE LAURENCE STERNE TRUST
1141526,1168622,THE LEARNED SOCIETY OF WALES
1046688,1185057,THE LETHERHEAD INSTITUTE
288371,1159154,THE LEVERHULME TRUST
280982,1168169,THE LINDEN LODGE CHARITABLE TRUST
801886,1197273,THE LOWDOWN
226063,1155893,THE MARINE BIOLOGICAL ASSOCIATION OF THE UNITED KINGDOM
220826,1192174,THE MATTHEW ROBINSON TRUST
1065621,1185611,THE MESSENGERS
258420,1185583,THE MILLER CENTRE TRUST
1126302,1188554,THE MULLANY FUND
1135554,1159843,THE MUSICAL BRAIN
1104555,1184696,THE NENO MACADAMIA TRUST (MALAWI)
1115926,1177380,THE OAK AND FURROWS WILDLIFE RESCUE CENTRE
1058192,1193428,THE OASIS CRISIS PREGNANCY CENTRE
1068931,1167834,THE OLD GRAMMAR SCHOOL CHARITY FAVERSHAM
505538,1132807,THE OLD QUARRY ADVENTURE PLAYGROUND LTD
1116239,1186017,THE OLIVE BRANCH (FAITH IN ACTION)
313050,1194375,THE OLIVE MATTHEWS COLLECTION
259334,1164358,THE ORMISTON TRUST
276492,1171431,THE OVERTON COMMUNITY ASSOCIATION
1131745,1187588,THE PENTECOSTAL CITY MISSION CHURCH (WILLESDEN)
1111722,1160177,THE PHOENIX YOUTH PROJECT
1139878,1191052,THE PIXEL FUND
801095,1165433,THE PLANTATION GARDEN PRESERVATION TRUST
1072631,1194604,THE POLEHAMPTON CHARITY
1085662,1160970,THE POLYCYSTIC KIDNEY DISEASE CHARITY
1159852,1181473,THE PROVIDENCE HOUSE TRUST
516227,1182054,THE RACHEL KAY-SHUTTLEWORTH TEXTILE COLLECTIONS
296307,1182221,THE READING GUILD OF ARTISTS
1026573,215517,The Regent Fund
272051,1184091,THE RIFLES WARDROBE AND MUSEUM TRUST
518547,1188669,THE R J WESTON DUFFIELD CHARITY
209220,1194270,THE ROBERT THOMPSON CHARITIES AT SALTWOOD KENT
274875,1167144,THE ROSE FOUNDATION
1040846,1177058,THE ROTARY CLUB OF ROMSEY TRUST FUND
1113778,1169651,THE ROTARY CLUBS OF ST ALBANS CHARITY CYCLE RIDE
1075015,1160182,THE ROYAL NAVY AND ROYAL MARINES CHILDREN'S FUND
200002,1193337,THE ROYAL OPERA HOUSE BENEVOLENT FUND
1121303,312060,THE ROYAL SCHOOL HASLEMERE
1155829,1182028,THE SCHOOL CLUB ZAMBIA UK
1079151,1188686,THE SEGELMAN TRUST
1065044,1182155,THE SHANLY FOUNDATION
1130121,1190275,THE SHELFORD FEAST
1046769,1194828,THE SIGRID RAUSING TRUST
313669,1174487,THE SINO-BRITISH FELLOWSHIP TRUST
509659,1185861,THE SNAPE WOOD COMMUNITY ASSOCIATION
504766,1182569,THE SOCIETY FOR LINCOLNSHIRE HISTORY AND ARCHAEOLOGY
230888,1188638,THE SOCIETY OF ANTIQUARIES OF NEWCASTLE UPON TYNE
282160,1151393,THE SOCIETY OF JEWELLERY HISTORIANS
276345,1183256,THE SOCIETY OF THE DIVINE WORD
523006,1168918,THE SOLIHULL MANOR HOUSE CHARITY
265555,1112083,THE SPRINGHEAD TRUST LIMITED
257007,1200488,THE STEVENAGE LYTTON PLAYERS
273652,1185544,THE SUNNINGWELL SCHOOL OF ART
1067197,1146244,THE SUTTON TRUST
263680,1200952,THE SWEDISH BENEVOLENT TRUST
326789,1113712,THE TRANSLATION TRUST
1102469,1150790,THE TREES COMMUNITY ASSOCIATION LIMITED
214833,1188997,THE UNITED CHARITIES OF ABEL COLLIN
1147344,1198601,THE UNITE FOUNDATION
517439,1186289,THE VALE COMMUNITY ASSOCIATION
1143344,1177012,THE WATERYARD GROUP
517100,1185086,THE WEARDALE MUSEUM
1026031,1157324,THE WENDOVER PRE-SCHOOL
265550,1116371,THE WESTMINSTER ABBEY TRUST
265491,1186957,THE WILLIAM LEECH CHARITY
1111182,1167078,The Wilson Centre (Long Newton)
1116037,1160321,THE WINNIE MABASO FOUNDATION
1064883,1187095,THE WOLFETON RIDING HOUSE TRUST
206495,1156077,THE WOLFSON FOUNDATION
1000562,1182241,THE WORSHIPFUL COMPANY OF FIREFIGHTERS CHARITABLE TRUST
222079,1198790,THE WORSHIPFUL COMPANY OF GARDENERS OF LONDON CHARITY
1041050,1166695,THORGANBY FOUNDATION
1026040,1158322,THORLEY PRE-SCHOOL
1154029,1196643,THREE SISTERS FOUNDATION UK
1071500,1168563,THRIVE CARDIFF
1193767,1023412,THRUMPTON KIDS CLUBS
1133820,1200395,TILSTON SCHOOL ASSOCIATION
255028,1162716,TIPTON COMMUNITY ASSOCIATION LIMITED
700973,1162826,TORPENHOW VILLAGE HALL COMMITTEE
803547,1155337,TOWCESTER AREA DOOR TO DOOR
1081254,1193324,TOWNSEND COMMUNITY ASSOCIATION
1019872,1182034,TREUDDYN UNDER 5'S
1158196,1171047,TRINITY BAPTIST CHURCH TENTERDEN
509633,1163326,TRINITY SCHOOL TRUST
1120200,1168559,TRINITY YOUTH AND CHILDREN'S PROJECT
1130355,1193801,TUNBRIDGE WELLS YOUTH FOR CHRIST
521516,1188280,TUR LANGTON VILLAGE HALL
1150947,1167412,TURNING POINT ACADEMY
203751,1192370,TURPIN'S CHARITY
803118,1186533,TUSK TRUST LIMITED
1030414,1186248,TWO MILE ASH PRE-SCHOOL
503433,1152853,TY CERDD - MUSIC CENTRE WALES
1118078,1172518,UK FRIENDS OF ARSP (ACTION RECONCILIATION SERVICE FOR PEACE)
1142839,1173492,UNION OF BRUNEL STUDENTS
1120776,1171441,UNITED COUNTIES RDA TRAINING GROUP
313714,1190848,UNITED KINGDOM LITERACY ASSOCIATION
1129537,1187721,UNITED WORLD SCHOOLS
1144960,1183000,UNIVERSITY OF CHICHESTER STUDENTS' UNION
1147707,1169283,UNIVERSITY OF DERBY STUDENTS' UNION
1150963,1173994,UNIVERSITY OF EAST LONDON STUDENTS' UNION
1137401,1197170,UNIVERSITY OF HUDDERSFIELD STUDENTS' UNION
1138093,1189354,UNIVERSITY OF SALFORD STUDENTS' UNION
1025516,1180200,UPPER COLWYN BAY PLAYGROUP
504211,1156656,UPPER WHARFEDALE MUSEUM SOCIETY
1067544,1184131,UPTON VILLAGE PRE-SCHOOL
1041515,1150615,VALLEY COMMUNITY THEATRE
900526,1195396,VALLEY PARK COMMUNITY ASSOCIATION
1109408,1177363,VIABLES COMMUNITY ASSOCIATION
1055303,1141558,VICTORY GOSPEL CHURCH
301134,1162747,VILLAGE HALL
293970,1160209,VIRGINIA WATER COMMUNITY PRE-SCHOOL
1039159,1160914,VOLUNTARY AND COMMUNITY ACTION EAST CAMBRIDGESHIRE
1136804,1182615,VOLUNTEERING IN HEALTH
1100032,1173018,WALBERSWICK VILLAGE HALL
522316,1174257,WALKERINGHAM VILLAGE HALL AND PLAYING FIELD
1133558,1153497,WALKING WITH THE WOUNDED
1038627,1193831,WALTHAM CHASE PRE-SCHOOL
522156,1186794,WARK RECREATIONAL CHARITY
1138906,1187042,WARLEY BAPTIST CHURCH
1115207,1158888,WARRINGTON SPEAK UP
301972,1171803,WARSASH READING ROOM AND VICTORY HALL
1150936,1184482,WATFORD FOODBANK AND COMMUNITY RELIEF TRUST
1000934,1181932,WEARSIDE WOMEN IN NEED
1167267,267157,WEAVERS ADVENTURE PLAYGROUND ASSOCIATION
1148646,1182574,"WELCOME HALL EVANGELICAL CHURCH, CATSHILL"
1188279,1190040,WELLBEING ECONOMY ALLIANCE
1001760,1169910,WELSH BORDER COMMUNITY TRANSPORT
1144289,1156463,WEMBDON VILLAGE HALL AND PLAYING FIELDS TRUST
1134621,1168834,WESTBOURNE GROVE CHURCH
1131519,1143988,WESTBOURNE PARK BAPTIST CHURCH
306710,1167545,WEST BUCKLAND SCHOOL
285790,1185622,WESTCOTT VILLAGE ASSOCIATION
1094125,1153736,WEST END IMPACT
212065,1192970,WESTERHAM ALMSHOUSE CHARITY
226075,1187462,WEST HADDON CHARITIES
269193,1152782,WESTMILL COMMUNITY ASSOCIATION
1076531,1194411,WESTMINSTER HOUSE YOUTH CLUB
504007,1163694,WEST MOOR RESIDENTS ASSOCIATION
304353,1171599,WEST OXFORD COMMUNITY ASSOCIATION
262229,1189157,WEST SUSSEX TRAVEL SOCIETY CHARITY
1081016,1191394,WESTVIEW COMMUNITY ASSOCIATION
1105244,1163698,WETHERBY IN SUPPORT OF THE ELDERLY
223685,1161008,WHARFEDALE AGRICULTURAL SOCIETY
1111707,1197124,WHITBY HISTORIC LIFEBOAT TRUST
1165589,1185213,WHITBY WILDLIFE SANCTUARY
1123865,1200183,WHITTINGHAM AND GOOSNARGH SPORTS AND COMMUNITY ASSOCIATION
900140,1183814,WILDERN OPPORTUNITY GROUP
226076,1187392,WILLIAM LOVETT'S ALMSHOUSE CHARITY
1037677,1185304,WILLOWS COUNSELLING SERVICE
224967,1184260,WILSON MEMORIAL HOMES
1126993,1150754,WINCHESTER ACTION ON CLIMATE CHANGE LTD
1093429,1195260,WINCHESTER YOUTH COUNSELLING
1054504,1188439,WINDMILL HILL WINDMILL TRUST
286849,1162058,WINFRITH NEWBURGH VILLAGE HALL
1126052,1172013,WINSLOW CHRISTIAN FELLOWSHIP
1113317,1194697,WIVELISCOMBE TOWN HALL TRUST
523039,1199803,WOLVEY PLAYING FIELDS TRUST
523038,1193439,WOLVEY VILLAGE HALL FOUNDATION
1121174,1165320,WOMEN FOR REFUGEE WOMEN
1150671,1182073,WONDERFULLY MADE WOMAN
1121808,1170001,WOODBOROUGH COMMUNITY ASSOCIATION
282254,1155239,WOODBURY VILLAGE HALL
1106118,1171494,WOODFORD COMMUNITY CENTRE
1132700,1194046,WOODGREEN EVANGELICAL CHURCH
207930,1198220,WOODHAM WALTER VILLAGE HALL
1049315,1183063,WOODLAND IMPS PLAYGROUP
1108626,1190858,WOODLANDS ANIMAL SANCTUARY
1136284,1195315,WOODSTOCK ROAD BAPTIST CHURCH
1101879,1168637,WOOLMER FOREST HERITAGE SOCIETY
304959,274791,WOOLPIT RECREATION GROUND
508730,1186651,WORCESTER MUSICAL THEATRE COMPANY
1142556,1194117,WORLD APPEAL
306125,1159255,WORLD ASSOCIATION OF GIRL GUIDES AND GIRL SCOUTS
233572,1093913,WORTH ABBEY
1129458,301445,WRITTLE COMMUNITY ASSOCIATION
326999,1187265,W WING YIP AND BROTHERS FOUNDATION
1099212,1167590,WYCHAVON FESTIVAL OF BRASS
1054725,1171222,WYCOMBE RENT DEPOSIT GUARANTEE SCHEME
292176,1185104,WYE UNDER FIVES
303087,1191701,YIEWSLEY AND WEST DRAYTON COMMUNITY ASSOCIATION
1112447,1186934,YORK CHRISTIAN YOUTH HOLIDAYS
1058218,1160138,YORKSHIRE CAT RESCUE
1064021,1162722,YOUTH RESOURCE SERVICES (THE RENDEZVOUS SHERBORNE) LTD
1055977,1195317,YSGOL FEITHRIN PONTYPWL
210169,1184957,Joseph Rowntree Foundation
298582,1197546,Rosetrees
236060,1197452,The Eaton Fund
227994,1103567,The Association of British Members of the Sovereign Military Hospitaller Order of St. John of Jerusalem of Rhodes and of Malta
1199706,1146748,South Yorkshire Refugee Law and Justice
1092328,1196448,Lincolnshire Community Fund
254426,1085026,Voluntary Action Lewisham
1114742,1197827,Voluntary Sector Studies Network
1150784,802643,Coutts Charitable Foundation
1191647,228966,Devon Birds
1189918,1078489,Islamic Aid
1193984,1089625,Vodafone Foundation
1117634,512583,Doncaster Alcohol Services
1078667,296781,Belvedere Trust
271180,1158914,Millfield House Foundation
1076886,1176221,Jack Petchey Foundation
1211455,1118146,The Parent House Trust
1211455,1051440,The Parent House Trust
247941,1202779,Wates Foundation
1009787,1186659,Advocacy in Greenwich
1124885,1191803,Afro Innovation Group
1098544,1159888,Asylum Support and Immigration Resource Team
1126716,1190508,Azalea (Luton)
1055993,1174410,Barnabus
1109505,1202174,Care Link West Midlands
1140583,1180105,Carriers of Hope Coventry
1082860,1172199,Conwy Connect for Learning Disabilities
1152854,1181825,DASH - Destitute Asylum Seekers Huddersfield
1165920,1181064,Diyya Project
1067127,1176552,Doorway
1073829,1162962,Hamara Healthy Living Centre
1070382,1185352,Hull Lighthouse Project
1141194,1186618,International Community Organisation of Sunderland
1077224,1196865,Kanlungan Filipino Consortium
1041195,1177626,Magdalene Group
1109990,1196560,Manchester Refugee Support Network
1012642,1185281,Mothers for Mothers
1159470,1203647,Pandora Project
1153055,1153055,Queen's Hall Action on Poverty
1013841,1176768,Refugee Action Kingston
1135727,1171683,Refugee Women of Bristol
1194592,240354,Scarborough & District Mencap
1143021,1194207,SOS Rape Crisis
1191650,231434,Springfield Domestic Abuse Support in South Lakeland
1048991,1171432,STAMP Revisited
1090717,1196126,Sunderland Headlight
1111265,1192766,Sunrise Multicultural Project
1184072,226732,Swansea Mind
1175148,268048,Swindon Women's Aid
1097227,1171368,The Harbour Project for Swindon Refugees and Asylum Seekers
1080634,1175541,The Living Room
1141654,1170553,TheHorseCourse
1166123,1202661,Walking With in North Tyneside
1209050,13086240,Women and Digital Inclusion CIC (WODIN)
1150671,1182073,Wonderfully Made Woman
1143995,700230,Young Women's Housing Project - Sheffield
1095915,1193666,The Vine Centre
1153057,1176524,Friends of the Drop-in for Asylum Seekers and Refugees
1106699,1198414,High Level (Northern) Trust
297481,1211980,MYTIME Young Carers
900226,1187326,Dartmouth Caring
1093566,1198034,Gateway into the Community
1133564,1201913,Chester Sexual Abuse Support Service
1117775,1191566,Wyre Forest and South Worcestershire Nightstop and Mediation Service
1072475,1182346,North Tyneside Disability Forum Ltd
1138445,1205109,Warm Hut UK
1181614,1202010,Angels of Hope for Women
1146856,1199028,Project Hope Leeds
1088725,1172841,Bethel Community Church (Newport)
1132820,1167625,Methodist Asylum Project Middlesbrough
500198,1178557,Contact Hostel
1062365,1187765,West Cumbria Domestic Violence Support
1179562,1204302,Share Knowsley
1037310,1174692,Xtrax (Hastings and Rother)
1154810,1202650,People Arise Now
253481,1207661,John Moores Foundation
227523,1167663,Dogs Trust
244700,1007820,Church Pastoral Aid Society
