org_id_a,org_id_b,name
GB-EDU-100082,GB-COH-02804123,COLLEGE FRANCAIS BILINGUE DE LONDRES LTD
GB-EDU-100199,GB-COH-00672569,BLACKHEATH PREP
GB-EDU-100202,GB-COH-05352523,COLFE'S SCHOOL
GB-EDU-100364,GB-COH-08156535,LADY MARGARET SCHOOL
GB-EDU-100365,GB-COH-07700776,THE LONDON ORATORY SCHOOL
GB-EDU-100368,GB-COH-00571803,BUTE HOUSE PREPARATORY SCHOOL FOR GIRLS LIMITED
GB-EDU-100427,GB-COH-07774109,WILLIAM TYNDALE PRIMARY SCHOOL
GB-EDU-100501,GB-COH-08588099,HOLLAND PARK SCHOOL
GB-EDU-100510,GB-COH-03078551,NORLAND PLACE SCHOOL
GB-EDU-100514,GB-COH-02884794,SUSSEX HOUSE SCHOOL
GB-EDU-100630,GB-COH-07712850,CORPUS CHRISTI CATHOLIC PRIMARY SCHOOL
GB-EDU-100861,GB-COH-08208764,DULWICH COLLEGE
GB-EDU-100862,GB-COH-10814894,DULWICH PREP LONDON
GB-EDU-100863,GB-COH-06618970,JAMES ALLEN'S GIRLS' SCHOOL
GB-EDU-100864,GB-COH-09401357,ALLEYN'S SCHOOL
GB-EDU-100921,GB-COH-07797058,SIR WILLIAM BURROUGH PRIMARY SCHOOL
GB-EDU-101064,GB-COH-07847467,IBSTOCK PLACE SCHOOL
GB-EDU-101153,GB-COH-08100409,WESTMINSTER CITY SCHOOL
GB-EDU-101156,GB-COH-00889424,ARNOLD HOUSE SCHOOL LIMITED
GB-EDU-101173,GB-COH-01535096,FAIRLEY HOUSE SCHOOL
GB-EDU-101284,GB-COH-08164849,GRASVENOR AVENUE INFANT SCHOOL
GB-EDU-101343,GB-COH-07718480,INDEPENDENT JEWISH DAY SCHOOL
GB-EDU-101347,GB-COH-07697281,WHITEFIELD SCHOOL
GB-EDU-101349,GB-COH-08161745,COPTHALL SCHOOL
GB-EDU-101350,GB-COH-07714167,CHRIST'S COLLEGE FINCHLEY
GB-EDU-101351,GB-COH-07552702,EAST BARNET SCHOOL
GB-EDU-101354,GB-COH-07992842,THE HENRIETTA BARNETT SCHOOL
GB-EDU-101357,GB-COH-07803827,HENDON SCHOOL
GB-EDU-101359,GB-COH-07713287,MILL HILL COUNTY HIGH SCHOOL
GB-EDU-101380,GB-COH-01164455,HOLLAND HOUSE SCHOOL
GB-EDU-101428,GB-COH-08916979,DAYS LANE PRIMARY SCHOOL
GB-EDU-101436,GB-COH-08603037,BURSTED WOOD PRIMARY SCHOOL
GB-EDU-101443,GB-COH-08792911,SHERWOOD PARK PRIMARY SCHOOL
GB-EDU-101446,GB-COH-08657975,HURST PRIMARY SCHOOL
GB-EDU-101462,GB-COH-07455732,BEXLEY GRAMMAR SCHOOL
GB-EDU-101465,GB-COH-07974098,BLACKFEN SCHOOL FOR GIRLS
GB-EDU-101466,GB-COH-07654130,CHISLEHURST AND SIDCUP GRAMMAR SCHOOL
GB-EDU-101477,GB-COH-08088957,ST COLUMBA'S CATHOLIC BOYS' SCHOOL
GB-EDU-101479,GB-COH-07379768,BETHS GRAMMAR SCHOOL
GB-EDU-101481,GB-COH-01590162,WEST LODGE SCHOOL LIMITED
GB-EDU-101553,GB-COH-09104225,NORTH WEST LONDON JEWISH DAY SCHOOL
GB-EDU-101559,GB-COH-07819872,KINGSBURY HIGH SCHOOL
GB-EDU-101562,GB-COH-08163458,ALPERTON COMMUNITY SCHOOL
GB-EDU-101597,GB-COH-09896945,BURNT ASH PRIMARY SCHOOL
GB-EDU-101627,GB-COH-07645774,WARREN ROAD PRIMARY SCHOOL
GB-EDU-101651,GB-COH-09301212,ST JOSEPH'S CATHOLIC PRIMARY SCHOOL
GB-EDU-101652,GB-COH-08934887,ST VINCENT'S CATHOLIC PRIMARY SCHOOL
GB-EDU-101658,GB-COH-07393519,DARRICK WOOD SCHOOL
GB-EDU-101661,GB-COH-09483921,HOLY INNOCENTS CATHOLIC PRIMARY SCHOOL
GB-EDU-101680,GB-COH-00610514,BABINGTON HOUSE SCHOOL LIMITED
GB-EDU-101683,GB-COH-08652238,BISHOP CHALLONER SCHOOL
GB-EDU-101693,GB-COH-03245525,ELTHAM COLLEGE
GB-EDU-101796,GB-COH-08163424,ST THOMAS BECKET CATHOLIC PRIMARY SCHOOL
GB-EDU-101801,GB-COH-10045230,ST AIDAN'S CATHOLIC PRIMARY SCHOOL
GB-EDU-101802,GB-COH-10037192,ST CHAD'S CATHOLIC PRIMARY SCHOOL
GB-EDU-101806,GB-COH-08053276,WOODCOTE HIGH SCHOOL
GB-EDU-101834,GB-COH-06067557,LALEHAM LEA SCHOOL
GB-EDU-101958,GB-COH-01263742,THE JAPANESE SCHOOL LIMITED
GB-EDU-101964,GB-COH-10434437,THE EDEN SDA SCHOOL
GB-EDU-102044,GB-COH-07380398,KINGSMEAD SCHOOL
GB-EDU-102059,GB-COH-07697044,ENFIELD GRAMMAR SCHOOL
GB-EDU-102061,GB-COH-00537727,PALMERS GREEN HIGH SCHOOL LIMITED
GB-EDU-102169,GB-COH-01930737,NORTH LONDON RUDOLF STEINER SCHOOL
GB-EDU-102235,GB-COH-07690395,HATCH END HIGH SCHOOL
GB-EDU-102236,GB-COH-07689613,PARK HIGH SCHOOL
GB-EDU-102237,GB-COH-07694362,CANONS HIGH SCHOOL
GB-EDU-102238,GB-COH-07690023,NOWER HILL HIGH SCHOOL
GB-EDU-102250,GB-COH-00455482,ALPHA PREPARATORY SCHOOL LIMITED
GB-EDU-102350,GB-COH-07693827,THE CAMPION SCHOOL
GB-EDU-102353,GB-COH-07547060,THE COOPERS' COMPANY AND COBORN SCHOOL
GB-EDU-102354,GB-COH-07693743,SACRED HEART OF MARY GIRLS' SCHOOL
GB-EDU-102440,GB-COH-07799811,BISHOPSHALT SCHOOL
GB-EDU-102441,GB-COH-07557791,HAYDON SCHOOL
GB-EDU-102495,GB-COH-08520286,NORWOOD GREEN JUNIOR SCHOOL
GB-EDU-102513,GB-COH-08523370,WESTBROOK PRIMARY SCHOOL
GB-EDU-102536,GB-COH-08286030,BRENTFORD SCHOOL FOR GIRLS
GB-EDU-102540,GB-COH-07559818,CRANFORD COMMUNITY COLLEGE
GB-EDU-102541,GB-COH-07962216,ISLEWORTH AND SYON SCHOOL FOR BOYS
GB-EDU-102601,GB-COH-07776910,SOUTHBOROUGH HIGH SCHOOL
GB-EDU-102602,GB-COH-07538459,THE TIFFIN GIRLS' SCHOOL
GB-EDU-102605,GB-COH-07547311,TIFFIN SCHOOL
GB-EDU-102606,GB-COH-07718002,RICHARD CHALLONER SCHOOL
GB-EDU-102607,GB-COH-07966826,THE HOLY CROSS SCHOOL
GB-EDU-102615,GB-COH-05325717,MARYMOUNT INTERNATIONAL SCHOOL
GB-EDU-102619,GB-COH-03883748,KINGSTON GRAMMAR SCHOOL
GB-EDU-102620,GB-COH-02516633,CANBURY SCHOOL LIMITED
GB-EDU-102866,GB-COH-00621311,WOODFORD GREEN PREPARATORY SCHOOL LIMITED
GB-EDU-102923,GB-COH-08165744,ORLEANS PARK SCHOOL
GB-EDU-102943,GB-COH-03475951,TWICKENHAM PREPARATORY SCHOOL
GB-EDU-102946,GB-COH-06264434,HAMPTON SCHOOL
GB-EDU-102998,GB-COH-07635432,CARSHALTON BOYS SPORTS COLLEGE
GB-EDU-103007,GB-COH-07536970,WILSON'S SCHOOL
GB-EDU-103012,GB-COH-07635448,WALLINGTON HIGH SCHOOL FOR GIRLS
GB-EDU-103019,GB-COH-02151420,SEATON HOUSE SCHOOL LIMITED
GB-EDU-103197,GB-COH-08055393,WARREN FARM PRIMARY SCHOOL
GB-EDU-103203,GB-COH-08146396,GREENHOLM PRIMARY SCHOOL
GB-EDU-103361,GB-COH-09108745,HILLSTONE PRIMARY SCHOOL
GB-EDU-103376,GB-COH-08601624,TWICKENHAM PRIMARY SCHOOL
GB-EDU-103378,GB-COH-09333191,GREEN MEADOW PRIMARY SCHOOL
GB-EDU-103517,GB-COH-07698296,HOLYHEAD SCHOOL
GB-EDU-103520,GB-COH-08496504,YARDLEYS SCHOOL
GB-EDU-103535,GB-COH-07986921,BISHOP VESEY'S GRAMMAR SCHOOL
GB-EDU-103575,GB-COH-00634981,WEST HOUSE SCHOOL
GB-EDU-103580,GB-COH-08502615,THE BLUE COAT SCHOOL BIRMINGHAM LIMITED
GB-EDU-103876,GB-COH-01141571,ELMFIELD RUDOLF STEINER SCHOOL LIMITED
GB-EDU-104113,GB-COH-07687663,LODE HEATH SCHOOL
GB-EDU-104115,GB-COH-07654164,HEART OF ENGLAND SCHOOL
GB-EDU-104124,GB-COH-06337650,SOLIHULL SCHOOL
GB-EDU-104386,GB-COH-09527057,HIGHFIELDS SCHOOL
GB-EDU-104402,GB-COH-08918836,WOLVERHAMPTON GIRLS' HIGH SCHOOL
GB-EDU-104411,GB-COH-06610261,WOLVERHAMPTON GRAMMAR SCHOOL LIMITED
GB-EDU-104718,GB-COH-08137421,ST FRANCIS XAVIER'S COLLEGE
GB-EDU-104723,GB-COH-01260765,CARLETON HOUSE PREPARATORY SCHOOL LIMITED
GB-EDU-104949,GB-COH-07724342,FORMBY HIGH SCHOOL
GB-EDU-104952,GB-COH-07761675,CHESTERFIELD HIGH SCHOOL
GB-EDU-104953,GB-COH-07770687,RANGE HIGH SCHOOL
GB-EDU-104954,GB-COH-07695504,BIRKDALE HIGH SCHOOL
GB-EDU-105093,GB-COH-07672980,PRENTON HIGH SCHOOL FOR GIRLS
GB-EDU-105098,GB-COH-07695736,WIRRAL GRAMMAR SCHOOL FOR GIRLS
GB-EDU-105099,GB-COH-07697158,WEST KIRBY GRAMMAR SCHOOL
GB-EDU-105104,GB-COH-07652792,THE OLDERSHAW SCHOOL
GB-EDU-105112,GB-COH-08332696,CALDAY GRANGE GRAMMAR SCHOOL
GB-EDU-105113,GB-COH-07734231,WIRRAL GRAMMAR SCHOOL FOR BOYS
GB-EDU-105115,GB-COH-07952451,UPTON HALL SCHOOL FCJ
GB-EDU-105123,GB-COH-04492250,BIRKENHEAD SCHOOL
GB-EDU-105135,GB-COH-05210075,ST PAUL'S ACADEMY
GB-EDU-105137,GB-COH-00200018,WEST KIRBY RESIDENTIAL SCHOOL
GB-EDU-105177,GB-COH-07986805,EAGLEY INFANT SCHOOL
GB-EDU-105188,GB-COH-07986218,EAGLEY JUNIOR SCHOOL
GB-EDU-105280,GB-COH-02978546,BIRTENSHAW
GB-EDU-105369,GB-COH-01433487,BURY CATHOLIC PREPARATORY SCHOOL LIMITED
GB-EDU-105482,GB-COH-08403949,WEBSTER PRIMARY SCHOOL
GB-EDU-105583,GB-COH-07716057,THE KING DAVID HIGH SCHOOL
GB-EDU-105592,GB-COH-09665070,MANCHESTER HIGH SCHOOL FOR GIRLS
GB-EDU-105595,GB-COH-09083954,WITHINGTON GIRLS' SCHOOL
GB-EDU-105923,GB-COH-07717482,BROADOAK PRIMARY SCHOOL
GB-EDU-105992,GB-COH-05190072,BRIDGEWATER SCHOOL
GB-EDU-105996,GB-COH-07049059,BNOS YISROEL SCHOOL MANCHESTER
GB-EDU-106004,GB-COH-09858903,OHOLEI YOSEF YITZCHOK LUBAVITCH SCHOOLS
GB-EDU-106058,GB-COH-07737398,MELLOR PRIMARY SCHOOL
GB-EDU-106149,GB-COH-02986515,LADY BARN HOUSE SCHOOL LIMITED
GB-EDU-106156,GB-COH-06261525,STOCKPORT GRAMMAR SCHOOL
GB-EDU-106157,GB-COH-03823129,CHEADLE HULME SCHOOL
GB-EDU-106274,GB-COH-07697027,WEST HILL SCHOOL
GB-EDU-106275,GB-COH-07511610,FAIRFIELD HIGH SCHOOL FOR GIRLS
GB-EDU-106371,GB-COH-07538380,SALE GRAMMAR SCHOOL
GB-EDU-106373,GB-COH-07458631,WELLINGTON SCHOOL
GB-EDU-106378,GB-COH-08125396,LORETO GRAMMAR SCHOOL
GB-EDU-106527,GB-COH-07733109,FRED LONGWORTH HIGH SCHOOL
GB-EDU-106608,GB-COH-08431840,HEATHER GARTH PRIMARY SCHOOL
GB-EDU-106810,GB-COH-08936511,THE MCAULEY CATHOLIC HIGH SCHOOL
GB-EDU-106811,GB-COH-07547393,THE HAYFIELD SCHOOL
GB-EDU-106812,GB-COH-00908443,HILL HOUSE SCHOOL LIMITED
GB-EDU-106940,GB-COH-08543217,ST MARY'S CATHOLIC PRIMARY SCHOOL (MALTBY)
GB-EDU-107159,GB-COH-08098354,NOTRE DAME HIGH SCHOOL
GB-EDU-107160,GB-COH-08100620,ALL SAINTS' CATHOLIC HIGH SCHOOL
GB-EDU-107163,GB-COH-02792166,BIRKDALE SCHOOL
GB-EDU-107453,GB-COH-04030247,WESTVILLE HOUSE SCHOOL
GB-EDU-107454,GB-COH-07281806,BRADFORD GIRLS' GRAMMAR SCHOOL
GB-EDU-107562,GB-COH-09010317,THE CALDER LEARNING TRUST
GB-EDU-107583,GB-COH-05855479,RISHWORTH SCHOOL
GB-EDU-107585,GB-COH-14185708,HIPPERHOLME GRAMMAR SCHOOL LTD
GB-EDU-107632,GB-COH-07727564,LINDLEY JUNIOR SCHOOL
GB-EDU-107754,GB-COH-08164889,KING JAMES'S SCHOOL
GB-EDU-108092,GB-COH-07849654,HORSFORTH SCHOOL
GB-EDU-108102,GB-COH-00810136,MOORLANDS SCHOOL LIMITED
GB-EDU-108103,GB-COH-01270675,RICHMOND HOUSE SCHOOL
GB-EDU-108113,GB-COH-03075826,THE GRAMMAR SCHOOL AT LEEDS
GB-EDU-108300,GB-COH-10562182,ACKWORTH SCHOOL
GB-EDU-108544,GB-COH-01196898,NEWCASTLE SCHOOL FOR BOYS
GB-EDU-108933,GB-COH-07763421,HENLEAZE JUNIOR SCHOOL
GB-EDU-109149,GB-COH-08422944,STOKE BISHOP CHURCH OF ENGLAND PRIMARY SCHOOL
GB-EDU-109248,GB-COH-08278118,ST NICHOLAS OF TOLENTINE CATHOLIC PRIMARY SCHOOL
GB-EDU-109250,GB-COH-08135761,ST PATRICK'S CATHOLIC PRIMARY SCHOOL
GB-EDU-109289,GB-COH-07732888,COTHAM SCHOOL
GB-EDU-109326,GB-COH-07798550,ST BEDE'S CATHOLIC COLLEGE
GB-EDU-109333,GB-COH-07495165,OLDFIELD SCHOOL
GB-EDU-109357,GB-COH-00894685,TOCKINGTON MANOR SCHOOL LIMITED
GB-EDU-109362,GB-COH-02093340,SIDCOT SCHOOL
GB-EDU-109369,GB-COH-05142007,BRISTOL GRAMMAR SCHOOL
GB-EDU-109370,GB-COH-05164477,QUEEN ELIZABETH'S HOSPITAL
GB-EDU-109371,GB-COH-05165135,REDMAIDS' HIGH SCHOOL
GB-EDU-109496,GB-COH-08434113,PUTNOE PRIMARY SCHOOL
GB-EDU-109520,GB-COH-07851337,THE FIRS LOWER SCHOOL
GB-EDU-109643,GB-COH-07566436,REDBORNE UPPER SCHOOL AND COMMUNITY COLLEGE
GB-EDU-109680,GB-COH-07681848,ALAMEDA MIDDLE SCHOOL
GB-EDU-109711,GB-COH-07831395,ICKNIELD HIGH SCHOOL
GB-EDU-109717,GB-COH-12334380,BEDFORD GREENACRE INDEPENDENT SCHOOL LIMITED
GB-EDU-109747,GB-COH-08712137,OAK BANK SCHOOL
GB-EDU-110042,GB-COH-07494754,KENDRICK SCHOOL
GB-EDU-110044,GB-COH-07398941,HIGHDOWN SCHOOL AND SIXTH FORM CENTRE
GB-EDU-110046,GB-COH-08208767,CHARTERS SCHOOL
GB-EDU-110051,GB-COH-09683579,NEWLANDS GIRLS' SCHOOL
GB-EDU-110058,GB-COH-07661205,THE HOLT SCHOOL
GB-EDU-110066,GB-COH-07834715,FURZE PLATT SENIOR SCHOOL
GB-EDU-110067,GB-COH-07831255,COX GREEN SCHOOL
GB-EDU-110097,GB-COH-07475515,READING SCHOOL
GB-EDU-110098,GB-COH-07721470,ST BARTHOLOMEW'S SCHOOL
GB-EDU-110100,GB-COH-07852122,DENEFIELD SCHOOL
GB-EDU-110101,GB-COH-07536795,LANGLEY GRAMMAR SCHOOL
GB-EDU-110105,GB-COH-09583593,THE WESTGATE SCHOOL
GB-EDU-110112,GB-COH-01085850,HEMDEAN HOUSE SCHOOL LIMITED
GB-EDU-110117,GB-COH-00556463,HEATHFIELD SCHOOL
GB-EDU-110120,GB-COH-01844327,ST MARY'S SCHOOL ASCOT
GB-EDU-110130,GB-COH-00677794,UPTON HOUSE SCHOOL LIMITED
GB-EDU-110136,GB-COH-01091938,LUCKLEY HOUSE SCHOOL LIMITED
GB-EDU-110138,GB-COH-01053039,LUDGROVE SCHOOL TRUST LIMITED
GB-EDU-110151,GB-COH-04243510,READING BLUE COAT SCHOOL
GB-EDU-110161,GB-COH-00623043,ETON END SCHOOL TRUST (DATCHET) LIMITED
GB-EDU-110390,GB-COH-08565187,LOUGHTON SCHOOL
GB-EDU-110485,GB-COH-07638999,JOHN HAMPDEN GRAMMAR SCHOOL
GB-EDU-110487,GB-COH-07647327,OUSEDALE SCHOOL
GB-EDU-110491,GB-COH-07633408,JOHN COLET SCHOOL
GB-EDU-110494,GB-COH-07633357,AYLESBURY HIGH SCHOOL
GB-EDU-110495,GB-COH-07694530,DR CHALLONER'S HIGH SCHOOL
GB-EDU-110499,GB-COH-07827237,HOLMER GREEN SENIOR SCHOOL
GB-EDU-110509,GB-COH-07662135,AMERSHAM SCHOOL
GB-EDU-110511,GB-COH-07538386,AYLESBURY GRAMMAR SCHOOL
GB-EDU-110514,GB-COH-07451811,DR CHALLONER'S GRAMMAR SCHOOL
GB-EDU-110528,GB-COH-08679235,BEACONSFIELD HIGH SCHOOL
GB-EDU-110529,GB-COH-07693365,THE CHALFONTS COMMUNITY COLLEGE
GB-EDU-110534,GB-COH-07743646,WADDESDON CHURCH OF ENGLAND SCHOOL
GB-EDU-110535,GB-COH-07690054,GREAT MARLOW SCHOOL
GB-EDU-110545,GB-COH-00504032,PIPERS CORNER SCHOOL
GB-EDU-110548,GB-COH-00187251,STOWE SCHOOL LIMITED
GB-EDU-110573,GB-COH-07916763,ALFRISTON SCHOOL
GB-EDU-110923,GB-COH-05977683,THE PERSE SCHOOL
GB-EDU-110924,GB-COH-06113565,THE STEPHEN PERSE FOUNDATION
GB-EDU-110925,GB-COH-04726427,KIMBOLTON SCHOOL
GB-EDU-111028,GB-COH-08407889,WORTH PRIMARY SCHOOL
GB-EDU-111398,GB-COH-08100578,NESTON HIGH SCHOOL
GB-EDU-111406,GB-COH-07404747,SANDBACH HIGH SCHOOL AND SIXTH FORM COLLEGE
GB-EDU-111455,GB-COH-07570395,THE BISHOPS' BLUE COAT CHURCH OF ENGLAND HIGH SCHOOL
GB-EDU-111476,GB-COH-06486255,SANDBACH SCHOOL
GB-EDU-111478,GB-COH-02659703,ALDERLEY EDGE SCHOOL FOR GIRLS
GB-EDU-111483,GB-COH-01298683,CRANSLEY SCHOOL LIMITED
GB-EDU-111767,GB-COH-00312473,RED HOUSE SCHOOL LIMITED
GB-EDU-111768,GB-COH-00572205,TEESSIDE HIGH SCHOOL LIMITED
GB-EDU-111769,GB-COH-04451356,YARM SCHOOL
GB-EDU-111807,GB-COH-07713374,ST IVES INFANT SCHOOL
GB-EDU-111842,GB-COH-07652476,TREWIRGIE JUNIOR SCHOOL
GB-EDU-111953,GB-COH-07770592,HARROWBARROW SCHOOL
GB-EDU-112044,GB-COH-07654298,PENRYN COLLEGE
GB-EDU-112048,GB-COH-07999988,WADEBRIDGE SCHOOL
GB-EDU-112049,GB-COH-07459742,BODMIN COLLEGE
GB-EDU-112422,GB-COH-07729759,CASTLE CARROCK SCHOOL
GB-EDU-112433,GB-COH-07715613,KIRKBY STEPHEN GRAMMAR SCHOOL
GB-EDU-112434,GB-COH-07698461,APPLEBY GRAMMAR SCHOOL
GB-EDU-112440,GB-COH-07680823,CALDEW SCHOOL
GB-EDU-112444,GB-COH-06595861,ST BEES SCHOOL
GB-EDU-112450,GB-COH-08963816,CHETWYNDE SCHOOL LIMITED
GB-EDU-112451,GB-COH-03946280,SEDBERGH SCHOOL
GB-EDU-112453,GB-COH-01894340,AUSTIN FRIARS
GB-EDU-112459,GB-COH-03272341,HUNTER HALL SCHOOL
GB-EDU-112986,GB-COH-07524069,THE ECCLESBOURNE SCHOOL
GB-EDU-112997,GB-COH-07560177,WEST PARK SCHOOL
GB-EDU-113009,GB-COH-04390219,REPTON SCHOOL
GB-EDU-113023,GB-COH-04093636,DAME CATHERINE HARPUR'S SCHOOL LIMITED
GB-EDU-113024,GB-COH-12039636,EMMANUEL SCHOOL (DERBY) LIMITED
GB-EDU-113044,GB-COH-03367515,ROYAL SCHOOL FOR THE DEAF DERBY
GB-EDU-113504,GB-COH-07554085,EXMOUTH COMMUNITY COLLEGE
GB-EDU-113525,GB-COH-07447459,CHURSTON FERRERS GRAMMAR SCHOOL
GB-EDU-113531,GB-COH-07556657,DEVONPORT HIGH SCHOOL FOR GIRLS
GB-EDU-113554,GB-COH-07548734,HAYES SCHOOL
GB-EDU-113556,GB-COH-07394671,TORQUAY BOYS' GRAMMAR SCHOOL
GB-EDU-113561,GB-COH-08331303,EXETER CATHEDRAL SCHOOL
GB-EDU-113607,GB-COH-04470478,EXETER SCHOOL
GB-EDU-113608,GB-COH-04855372,THE MAYNARD SCHOOL
GB-EDU-113617,GB-COH-02161405,PARK SCHOOL
GB-EDU-113640,GB-COH-08426682,COMBE PAFFORD SCHOOL
GB-EDU-113726,GB-COH-08425359,POKESDOWN COMMUNITY PRIMARY SCHOOL
GB-EDU-113788,GB-COH-09894699,ST MICHAEL'S CHURCH OF ENGLAND PRIMARY SCHOOL
GB-EDU-113838,GB-COH-09881224,MOORDOWN ST JOHN'S CHURCH OF ENGLAND PRIMARY SCHOOL
GB-EDU-113860,GB-COH-08059041,DORCHESTER MIDDLE SCHOOL
GB-EDU-113900,GB-COH-07745881,BOURNEMOUTH SCHOOL
GB-EDU-113905,GB-COH-07703931,BOURNEMOUTH SCHOOL FOR GIRLS
GB-EDU-113906,GB-COH-07631213,HIGHCLIFFE SCHOOL
GB-EDU-113909,GB-COH-07666111,POOLE GRAMMAR SCHOOL
GB-EDU-113912,GB-COH-00359779,CLAYESMORE SCHOOL
GB-EDU-113919,GB-COH-00306828,SHERBORNE SCHOOL FOR GIRLS
GB-EDU-113923,GB-COH-00936623,DUMPTON SCHOOL
GB-EDU-113924,GB-COH-00485057,KNIGHTON HOUSE SCHOOL LIMITED
GB-EDU-113927,GB-COH-02819354,SUNNINGHILL PREPARATORY SCHOOL LIMITED
GB-EDU-113943,GB-COH-08645246,RINGWOOD WALDORF SCHOOL
GB-EDU-113959,GB-COH-07724780,MONTACUTE SCHOOL
GB-EDU-114178,GB-COH-07658688,REID STREET PRIMARY SCHOOL
GB-EDU-114330,GB-COH-06257502,DURHAM HIGH SCHOOL FOR GIRLS
GB-EDU-114331,GB-COH-02776914,DURHAM CATHEDRAL SCHOOLS FOUNDATION
GB-EDU-114336,GB-COH-06596258,BARNARD CASTLE SCHOOL
GB-EDU-114614,GB-COH-00007663,BRIGHTON COLLEGE
GB-EDU-114625,GB-COH-00539034,MICHAEL HALL SCHOOL LIMITED
GB-EDU-114627,GB-COH-03068144,MAYFIELD SCHOOL LTD
GB-EDU-114629,GB-COH-00893985,VINEHALL SCHOOL LIMITED
GB-EDU-114645,GB-COH-01078648,NORTHEASE MANOR SCHOOL LIMITED
GB-EDU-114661,GB-COH-02395378,BRIGHTON WALDORF SCHOOL LIMITED
GB-EDU-114673,GB-COH-02763238,THE DHARMA PRIMARY SCHOOL
GB-EDU-114686,GB-COH-08410002,GLYNE GAP SCHOOL
GB-EDU-114800,GB-COH-07973327,MOULSHAM JUNIOR SCHOOL
GB-EDU-114803,GB-COH-07610916,MOULSHAM INFANT SCHOOL
GB-EDU-114846,GB-COH-08446789,HIGHWOODS COMMUNITY PRIMARY SCHOOL
GB-EDU-115046,GB-COH-08920008,GIFFARDS PRIMARY SCHOOL
GB-EDU-115209,GB-COH-08330173,HEDINGHAM SCHOOL AND SIXTH FORM
GB-EDU-115223,GB-COH-07662023,GREAT BADDOW HIGH SCHOOL
GB-EDU-115232,GB-COH-07692668,MAYFLOWER HIGH SCHOOL
GB-EDU-115251,GB-COH-07687947,JOTMANS HALL PRIMARY SCHOOL
GB-EDU-115283,GB-COH-07686371,THE ROBERT DRAKE PRIMARY SCHOOL
GB-EDU-115317,GB-COH-07347930,WESTCLIFF HIGH SCHOOL FOR BOYS LIMITED
GB-EDU-115318,GB-COH-07849731,PLUME SCHOOL
GB-EDU-115326,GB-COH-07445392,CHELMSFORD COUNTY HIGH SCHOOL FOR GIRLS
GB-EDU-115327,GB-COH-07563345,"KING EDWARD VI GRAMMAR SCHOOL, CHELMSFORD"
GB-EDU-115329,GB-COH-07694325,THURSTABLE SCHOOL SPORTS COLLEGE AND SIXTH FORM CENTRE
GB-EDU-115337,GB-COH-07633375,THE KING EDMUND SCHOOL
GB-EDU-115342,GB-COH-07540256,DAVENANT FOUNDATION SCHOOL
GB-EDU-115343,GB-COH-07552735,WILLIAM DE FERRERS SCHOOL
GB-EDU-115345,GB-COH-07696117,CHELMER VALLEY HIGH SCHOOL
GB-EDU-115359,GB-COH-07769103,COLCHESTER ROYAL GRAMMAR SCHOOL
GB-EDU-115377,GB-COH-08212425,BRENTWOOD URSULINE CONVENT HIGH SCHOOL
GB-EDU-115383,GB-COH-07898905,SHENFIELD HIGH SCHOOL
GB-EDU-115392,GB-COH-05846105,CHIGWELL SCHOOL
GB-EDU-115396,GB-COH-00898640,GOSFIELD SCHOOL LIMITED
GB-EDU-115413,GB-COH-01141073,LITTLEGARTH SCHOOL LIMITED
GB-EDU-115415,GB-COH-02071112,ST PHILOMENA'S SCHOOL LIMITED
GB-EDU-115436,GB-COH-08165830,THE CHRISTIAN SCHOOL (TAKELEY)
GB-EDU-115517,GB-COH-08322915,FOREST VIEW PRIMARY SCHOOL
GB-EDU-115524,GB-COH-07649769,GOTHERINGTON PRIMARY SCHOOL
GB-EDU-115558,GB-COH-07836684,GRETTON PRIMARY SCHOOL
GB-EDU-115579,GB-COH-07698978,CHURCHDOWN VILLAGE INFANT SCHOOL
GB-EDU-115599,GB-COH-07728265,FIELD COURT JUNIOR SCHOOL
GB-EDU-115717,GB-COH-07331954,SIR THOMAS RICH'S SCHOOL
GB-EDU-115722,GB-COH-07633215,CLEEVE SCHOOL
GB-EDU-115726,GB-COH-07705465,SEVERN VALE SCHOOL
GB-EDU-115727,GB-COH-07698037,THOMAS KEBLE SCHOOL
GB-EDU-115728,GB-COH-07707979,FARMOR'S SCHOOL
GB-EDU-115736,GB-COH-07691867,CHARLTON KINGS JUNIOR SCHOOL
GB-EDU-115746,GB-COH-08322813,SEVERNBANKS PRIMARY SCHOOL
GB-EDU-115753,GB-COH-07657741,STROUD HIGH SCHOOL
GB-EDU-115754,GB-COH-07369704,PATE'S GRAMMAR SCHOOL
GB-EDU-115755,GB-COH-07489196,THE CRYPT SCHOOL
GB-EDU-115756,GB-COH-07840060,TEWKESBURY SCHOOL
GB-EDU-115757,GB-COH-07696921,KATHARINE LADY BERKELEY'S SCHOOL
GB-EDU-115760,GB-COH-07773693,CHURCHDOWN SCHOOL
GB-EDU-115762,GB-COH-08153177,NEWENT COMMUNITY SCHOOL AND SIXTH FORM CENTRE
GB-EDU-115763,GB-COH-07550474,CHOSEN HILL SCHOOL
GB-EDU-115765,GB-COH-07680770,CHIPPING CAMPDEN SCHOOL
GB-EDU-115768,GB-COH-07606409,WINCHCOMBE SCHOOL
GB-EDU-115769,GB-COH-07524244,CHELTENHAM BOURNSIDE SCHOOL AND SIXTH FORM CENTRE
GB-EDU-115770,GB-COH-07686390,CIRENCESTER KINGSHILL SCHOOL
GB-EDU-115780,GB-COH-03834841,"THE KING'S SCHOOL, GLOUCESTER"
GB-EDU-115787,GB-COH-05891198,RENDCOMB COLLEGE
GB-EDU-115805,GB-COH-02598202,HOPELANDS PREPARATORY SCHOOL
GB-EDU-116098,GB-COH-08291623,LUDLOW JUNIOR SCHOOL
GB-EDU-116274,GB-COH-07803789,BRANSGORE CHURCH OF ENGLAND PRIMARY SCHOOL
GB-EDU-116404,GB-COH-08036151,EGGAR'S SCHOOL
GB-EDU-116415,GB-COH-07693860,NOADSWOOD SCHOOL
GB-EDU-116416,GB-COH-07695684,PRIESTLANDS SCHOOL
GB-EDU-116434,GB-COH-07687770,HOUNSDOWN SCHOOL
GB-EDU-116477,GB-COH-07875747,ROBERT MAY'S SCHOOL
GB-EDU-116496,GB-COH-07552519,RINGWOOD SCHOOL
GB-EDU-116508,GB-COH-07751232,CAMS HILL SCHOOL
GB-EDU-116509,GB-COH-08135868,ST ANNE'S CATHOLIC SCHOOL
GB-EDU-116521,GB-COH-07724623,LORD WANDSWORTH COLLEGE
GB-EDU-116524,GB-COH-00733644,BALLARD SCHOOL LIMITED
GB-EDU-116527,GB-COH-00276785,BEDALES SCHOOL
GB-EDU-116536,GB-COH-00558147,TWYFORD SCHOOL
GB-EDU-116553,GB-COH-00966437,YATELEY MANOR SCHOOL LIMITED
GB-EDU-116567,GB-COH-12792114,CHARLTON HOUSE SCHOOL LIMITED
GB-EDU-116579,GB-COH-10813349,CHURCHER'S COLLEGE
GB-EDU-116583,GB-COH-03401010,THE PORTSMOUTH GRAMMAR SCHOOL
GB-EDU-116944,GB-COH-08936256,FAIRFIELD HIGH SCHOOL
GB-EDU-116978,GB-COH-07634426,CHRISTOPHER WHITEHEAD LANGUAGE COLLEGE
GB-EDU-116979,GB-COH-07694547,NUNNERY WOOD HIGH SCHOOL
GB-EDU-117002,GB-COH-06292085,"THE DOWNS, MALVERN COLLEGE PREP SCHOOL"
GB-EDU-117012,GB-COH-04808121,BROMSGROVE SCHOOL
GB-EDU-117018,GB-COH-00232081,MALVERN ST JAMES LIMITED
GB-EDU-117036,GB-COH-02081261,HEREFORD CATHEDRAL SCHOOL
GB-EDU-117355,GB-COH-07917745,APPLECROFT SCHOOL
GB-EDU-117501,GB-COH-08572898,RICHARD HALE SCHOOL
GB-EDU-117502,GB-COH-08286295,HITCHIN BOYS' SCHOOL
GB-EDU-117503,GB-COH-07697117,HITCHIN GIRLS' SCHOOL
GB-EDU-117507,GB-COH-07900439,STANBOROUGH SCHOOL
GB-EDU-117509,GB-COH-07552786,THE KNIGHTS TEMPLAR SCHOOL
GB-EDU-117514,GB-COH-08104190,BEAUMONT SCHOOL
GB-EDU-117523,GB-COH-07695624,LONGDEAN SCHOOL
GB-EDU-117526,GB-COH-08271760,KINGS LANGLEY SCHOOL
GB-EDU-117527,GB-COH-07831507,BISHOP'S HATFIELD GIRLS' SCHOOL
GB-EDU-117535,GB-COH-08124615,THE SELE SCHOOL
GB-EDU-117536,GB-COH-08171632,MONK'S WALK SCHOOL
GB-EDU-117540,GB-COH-07686458,FREMAN COLLEGE
GB-EDU-117549,GB-COH-07791971,BIRCHWOOD HIGH SCHOOL
GB-EDU-117572,GB-COH-07563361,RICKMANSWORTH SCHOOL
GB-EDU-117573,GB-COH-07348288,WATFORD GRAMMAR SCHOOL FOR BOYS
GB-EDU-117575,GB-COH-07348254,WATFORD GRAMMAR SCHOOL FOR GIRLS
GB-EDU-117576,GB-COH-07662765,PARMITER'S SCHOOL
GB-EDU-117579,GB-COH-07559285,DAME ALICE OWEN'S SCHOOL
GB-EDU-117583,GB-COH-07695796,MOUNT GRACE SCHOOL
GB-EDU-117600,GB-COH-08194506,ABBOT'S HILL SCHOOL
GB-EDU-117602,GB-COH-01847134,THE ALDENHAM FOUNDATION
GB-EDU-117616,GB-COH-03411540,MERCHANT TAYLORS' SCHOOL
GB-EDU-117620,GB-COH-00820476,BEECHWOOD PARK SCHOOL LIMITED
GB-EDU-117633,GB-COH-10233436,ST EDMUND'S COLLEGE
GB-EDU-117643,GB-COH-04374254,LOCHINVER HOUSE SCHOOL
GB-EDU-117644,GB-COH-00726450,STORMONT SCHOOL
GB-EDU-117647,GB-COH-04400125,ST ALBANS SCHOOL
GB-EDU-117658,GB-COH-02829156,MANOR LODGE SCHOOL
GB-EDU-117666,GB-COH-08130253,KNIGHTSFIELD SCHOOL
GB-EDU-118116,GB-COH-07688240,BEVERLEY GRAMMAR SCHOOL
GB-EDU-118339,GB-COH-07847021,GRAVENEY PRIMARY SCHOOL
GB-EDU-118342,GB-COH-07974434,LUDDENHAM SCHOOL
GB-EDU-118349,GB-COH-07725629,SHELDWICH PRIMARY SCHOOL
GB-EDU-118441,GB-COH-07803743,JOYDENS WOOD JUNIOR SCHOOL
GB-EDU-118474,GB-COH-07804043,JOYDENS WOOD INFANT SCHOOL
GB-EDU-118742,GB-COH-08351355,ST EANSWYTHE'S CHURCH OF ENGLAND PRIMARY SCHOOL
GB-EDU-118787,GB-COH-07900248,"MAYFIELD GRAMMAR SCHOOL, GRAVESEND"
GB-EDU-118830,GB-COH-07715043,BROCKHILL PARK PERFORMING ARTS COLLEGE
GB-EDU-118838,GB-COH-07992899,THE NORTON KNATCHBULL SCHOOL
GB-EDU-118865,GB-COH-07800252,WILMINGTON PRIMARY SCHOOL
GB-EDU-118873,GB-COH-07898331,THE MAPLESDEN NOAKES SCHOOL
GB-EDU-118878,GB-COH-07406122,DARTFORD GRAMMAR SCHOOL
GB-EDU-118894,GB-COH-07584611,OAKWOOD PARK GRAMMAR SCHOOL
GB-EDU-118900,GB-COH-07539918,SIR ROGER MANWOOD'S SCHOOL
GB-EDU-118915,GB-COH-07455728,TONBRIDGE GRAMMAR SCHOOL
GB-EDU-118920,GB-COH-07498923,HERNE BAY HIGH SCHOOL
GB-EDU-118935,GB-COH-07401373,SANDWICH TECHNOLOGY SCHOOL
GB-EDU-118939,GB-COH-11352204,BENENDEN SCHOOL
GB-EDU-118941,GB-COH-01490100,NORTHBOURNE PARK SCHOOL LIMITED
GB-EDU-118948,GB-COH-03791543,"KING'S SCHOOL, ROCHESTER"
GB-EDU-118950,GB-COH-01468693,HOLMEWOOD HOUSE SCHOOL
GB-EDU-118952,GB-COH-04908949,SEVENOAKS SCHOOL
GB-EDU-118953,GB-COH-03777308,SEVENOAKS PREPARATORY SCHOOL LIMITED
GB-EDU-118959,GB-COH-04787097,TONBRIDGE SCHOOL
GB-EDU-118965,GB-COH-02478341,STEEPHILL SCHOOL
GB-EDU-118978,GB-COH-00624273,BETHANY SCHOOL
GB-EDU-118990,GB-COH-10815140,DULWICH PREP CRANBROOK
GB-EDU-118992,GB-COH-04864342,SPRING GROVE SCHOOL 2003
GB-EDU-119002,GB-COH-03245514,WALTHAMSTOW HALL
GB-EDU-119016,GB-COH-02924705,FOSSE BANK SCHOOL
GB-EDU-119764,GB-COH-08151601,PARKLANDS HIGH SCHOOL
GB-EDU-119791,GB-COH-07728029,ACCRINGTON ST CHRISTOPHER'S CHURCH OF ENGLAND HIGH SCHOOL
GB-EDU-119809,GB-COH-08205021,BACUP AND RAWTENSTALL GRAMMAR SCHOOL
GB-EDU-119810,GB-COH-07469330,LANCASTER ROYAL GRAMMAR SCHOOL
GB-EDU-119811,GB-COH-07441463,LANCASTER GIRLS' GRAMMAR SCHOOL
GB-EDU-119812,GB-COH-07461173,CLITHEROE ROYAL GRAMMAR SCHOOL
GB-EDU-119826,GB-COH-00926692,WESTHOLME SCHOOL LIMITED
GB-EDU-119835,GB-COH-06195985,KIRKHAM GRAMMAR SCHOOL
GB-EDU-119904,GB-COH-08385139,ASFORDBY HILL PRIMARY SCHOOL
GB-EDU-119933,GB-COH-08702056,KIRBY MUXLOE PRIMARY SCHOOL
GB-EDU-119935,GB-COH-08219443,RENDELL PRIMARY SCHOOL
GB-EDU-119938,GB-COH-08423592,STANTON UNDER BARDON COMMUNITY PRIMARY SCHOOL
GB-EDU-119994,GB-COH-08240864,MOUNTFIELDS LODGE SCHOOL
GB-EDU-120059,GB-COH-08150822,HOLYWELL PRIMARY SCHOOL
GB-EDU-120099,GB-COH-08197353,LADY JANE GREY PRIMARY SCHOOL
GB-EDU-120150,GB-COH-08564471,OLD DALBY CHURCH OF ENGLAND PRIMARY SCHOOL
GB-EDU-120152,GB-COH-08235194,QUENIBOROUGH CHURCH OF ENGLAND PRIMARY SCHOOL
GB-EDU-120164,GB-COH-08248063,THRUSSINGTON CHURCH OF ENGLAND PRIMARY SCHOOL
GB-EDU-120165,GB-COH-08242856,CHURCH HILL CHURCH OF ENGLAND JUNIOR SCHOOL
GB-EDU-120197,GB-COH-08233527,ST MICHAEL & ALL ANGELS CHURCH OF ENGLAND PRIMARY SCHOOL
GB-EDU-120233,GB-COH-09023805,LOUGHBOROUGH CHURCH OF ENGLAND PRIMARY SCHOOL
GB-EDU-120242,GB-COH-08135574,IBSTOCK COMMUNITY COLLEGE
GB-EDU-120247,GB-COH-08423539,SOUTH CHARNWOOD HIGH SCHOOL
GB-EDU-120250,GB-COH-08617343,HASTINGS HIGH SCHOOL
GB-EDU-120310,GB-COH-07937317,SOUTH WIGSTON HIGH SCHOOL
GB-EDU-120312,GB-COH-07556159,UPPINGHAM COMMUNITY COLLEGE
GB-EDU-120316,GB-COH-05900743,RATCLIFFE COLLEGE
GB-EDU-120318,GB-COH-05900619,GRACE DIEU MANOR SCHOOL
GB-EDU-120322,GB-COH-06924216,OAKHAM SCHOOL
GB-EDU-120334,GB-COH-01521751,LEICESTER GRAMMAR SCHOOL TRUST
GB-EDU-120354,GB-COH-07931627,FOREST WAY SCHOOL
GB-EDU-120428,GB-COH-08305764,BRACEBRIDGE INFANT AND NURSERY SCHOOL LTD
GB-EDU-120640,GB-COH-08314283,BOSTON HIGH SCHOOL
GB-EDU-120661,GB-COH-07850292,BOURNE GRAMMAR SCHOOL
GB-EDU-120662,GB-COH-08149761,THE THOMAS COWLEY HIGH SCHOOL LTD
GB-EDU-120665,GB-COH-08357352,SPALDING GRAMMAR SCHOOL
GB-EDU-120669,GB-COH-08099606,RAUCEBY CHURCH OF ENGLAND PRIMARY SCHOOL
GB-EDU-120672,GB-COH-07838151,THE MALCOLM SARGENT PRIMARY SCHOOL
GB-EDU-120702,GB-COH-07330058,CAISTOR GRAMMAR SCHOOL
GB-EDU-120704,GB-COH-07732027,LINCOLN CHRIST'S HOSPITAL SCHOOL
GB-EDU-120731,GB-COH-00612443,AYSCOUGHFEE HALL SCHOOL LIMITED
GB-EDU-121181,GB-COH-08204680,TAVERHAM HIGH SCHOOL
GB-EDU-121184,GB-COH-07692440,DISS HIGH SCHOOL
GB-EDU-121222,GB-COH-05196298,GRESHAM'S SCHOOL
GB-EDU-121239,GB-COH-01162325,NOTRE DAME PREPARATORY SCHOOL (NORWICH) LIMITED
GB-EDU-121242,GB-COH-02940688,NORWICH SCHOOL
GB-EDU-121681,GB-COH-07800380,MALTON SCHOOL
GB-EDU-121696,GB-COH-07664288,ROSSETT SCHOOL
GB-EDU-121722,GB-COH-01686068,BOOTHAM SCHOOL
GB-EDU-121740,GB-COH-05447105,GIGGLESWICK SCHOOL
GB-EDU-121741,GB-COH-00197987,HARROGATE LADIES' COLLEGE LIMITED
GB-EDU-121759,GB-COH-01591107,YORK STEINER SCHOOL LIMITED
GB-EDU-121765,GB-COH-06223076,BRECKENBROUGH SCHOOL LIMITED
GB-EDU-121907,GB-COH-08252316,SOUTHFIELD PRIMARY SCHOOL
GB-EDU-122053,GB-COH-07982740,HUXLOW SCIENCE COLLEGE
GB-EDU-122055,GB-COH-07807158,MOULTON SCHOOL AND SCIENCE COLLEGE
GB-EDU-122083,GB-COH-08591532,NORTHAMPTON SCHOOL FOR GIRLS
GB-EDU-122095,GB-COH-07698789,BISHOP STOPFORD SCHOOL
GB-EDU-122117,GB-COH-07333885,NORTHAMPTON SCHOOL FOR BOYS
GB-EDU-122131,GB-COH-04931009,WELLINGBOROUGH SCHOOL
GB-EDU-122161,GB-COH-07734360,NORTHGATE SCHOOL ARTS COLLEGE
GB-EDU-122357,GB-COH-07730940,CRAMLINGTON LEARNING VILLAGE
GB-EDU-122376,GB-COH-01675232,LONGRIDGE TOWERS SCHOOL
GB-EDU-122390,GB-COH-04461194,NUNNYKIRK CENTRE FOR DYSLEXIA
GB-EDU-122912,GB-COH-10784165,HOLLYGIRT SCHOOL
GB-EDU-122915,GB-COH-04521284,NOTTINGHAM HIGH SCHOOL
GB-EDU-123240,GB-COH-07954417,GILLOTTS SCHOOL
GB-EDU-123274,GB-COH-02995266,TUDOR HALL SCHOOL
GB-EDU-123276,GB-COH-00569365,RUPERT HOUSE SCHOOL
GB-EDU-123278,GB-COH-03487651,SIBFORD SCHOOL
GB-EDU-123301,GB-COH-00339394,PINEWOOD SCHOOL LIMITED
GB-EDU-123303,GB-COH-01510524,CRANFORD HOUSE SCHOOL TRUST LIMITED
GB-EDU-123312,GB-COH-03625063,ABINGDON SCHOOL
GB-EDU-123387,GB-COH-08239113,WOODSIDE PRIMARY SCHOOL
GB-EDU-123568,GB-COH-08976748,IDSALL SCHOOL
GB-EDU-123586,GB-COH-08296889,BRIDGNORTH ENDOWED SCHOOL
GB-EDU-123613,GB-COH-03931222,OSWESTRY SCHOOL
GB-EDU-123647,GB-COH-08441991,HORRINGTON PRIMARY SCHOOL
GB-EDU-123665,GB-COH-07700773,TATWORTH PRIMARY SCHOOL
GB-EDU-123787,GB-COH-07736180,ENMORE CHURCH OF ENGLAND PRIMARY SCHOOL
GB-EDU-123877,GB-COH-07630180,THE WEST SOMERSET COMMUNITY COLLEGE
GB-EDU-123892,GB-COH-07706776,THE BLUE SCHOOL
GB-EDU-123902,GB-COH-07698729,SEXEY'S SCHOOL
GB-EDU-123904,GB-COH-04094352,BRUTON SCHOOL FOR GIRLS
GB-EDU-123910,GB-COH-11751009,DOWNSIDE SCHOOL
GB-EDU-124466,GB-COH-07727974,CANNOCK CHASE HIGH SCHOOL
GB-EDU-124474,GB-COH-07302696,LICHFIELD CATHEDRAL SCHOOL
GB-EDU-124487,GB-COH-06611453,NEWCASTLE-UNDER-LYME SCHOOL
GB-EDU-124813,GB-COH-07605059,THOMAS MILLS HIGH SCHOOL
GB-EDU-124876,GB-COH-00698102,SOUTH LEE SCHOOL LIMITED
GB-EDU-124883,GB-COH-03142500,ST JOSEPH'S COLLEGE LIMITED
GB-EDU-124992,GB-COH-07443184,SHALFORD INFANT SCHOOL LTD
GB-EDU-125267,GB-COH-07545019,SUNBURY MANOR SCHOOL
GB-EDU-125280,GB-COH-08144566,THE BISHOP WAND CHURCH OF ENGLAND SCHOOL
GB-EDU-125301,GB-COH-07657277,COLLINGWOOD COLLEGE
GB-EDU-125310,GB-COH-07686145,THAMESMEAD SCHOOL
GB-EDU-125323,GB-COH-03595824,CRANLEIGH SCHOOL
GB-EDU-125328,GB-COH-03303687,BISHOPSGATE SCHOOL LIMITED
GB-EDU-125332,GB-COH-04009200,EPSOM COLLEGE
GB-EDU-125336,GB-COH-03424289,DUKE OF KENT SCHOOL
GB-EDU-125369,GB-COH-06636665,WOLDINGHAM SCHOOL
GB-EDU-125380,GB-COH-00788782,EWELL CASTLE SCHOOL
GB-EDU-125386,GB-COH-00925581,HAZELWOOD SCHOOL
GB-EDU-125387,GB-COH-02072135,LINGFIELD COLLEGE
GB-EDU-125393,GB-COH-04680792,LONGACRE SCHOOL
GB-EDU-125397,GB-COH-02086298,HOE BRIDGE SCHOOL LIMITED
GB-EDU-125399,GB-COH-02035304,GREENFIELD SCHOOL
GB-EDU-125411,GB-COH-00575324,HALLIFORD SCHOOL LIMITED
GB-EDU-125422,GB-COH-03954365,REIGATE GRAMMAR SCHOOL
GB-EDU-125424,GB-COH-10874615,ROYAL GRAMMAR SCHOOL GUILDFORD
GB-EDU-125425,GB-COH-03298142,SIR WILLIAM PERKINS'S SCHOOL
GB-EDU-125427,GB-COH-05410420,CATERHAM SCHOOL
GB-EDU-125770,GB-COH-07485466,ALCESTER GRAMMAR SCHOOL
GB-EDU-126070,GB-COH-07686578,HAZELWICK SCHOOL
GB-EDU-126104,GB-COH-05055346,OAKWOOD SCHOOL
GB-EDU-126107,GB-COH-06232556,CHRIST'S HOSPITAL
GB-EDU-126119,GB-COH-02823749,SLINDON COLLEGE LIMITED
GB-EDU-126122,GB-COH-09038149,THE PREBENDAL SCHOOL
GB-EDU-126137,GB-COH-04476558,WORTH SCHOOL
GB-EDU-126139,GB-COH-00543113,FARNEY CLOSE SCHOOL LIMITED
GB-EDU-126154,GB-COH-05063879,MUNTHAM HOUSE SCHOOL
GB-EDU-126279,GB-COH-08713214,WESTLEA PRIMARY SCHOOL
GB-EDU-126280,GB-COH-08714241,SHAW RIDGE PRIMARY SCHOOL
GB-EDU-126418,GB-COH-08602255,DAUNTSEY ACADEMY PRIMARY SCHOOL
GB-EDU-126461,GB-COH-07660247,HIGHWORTH WARNEFORD SCHOOL
GB-EDU-126462,GB-COH-07990655,THE JOHN OF GAUNT SCHOOL
GB-EDU-126498,GB-COH-07662809,PEWSEY VALE SCHOOL
GB-EDU-126499,GB-COH-07556236,SHELDON SCHOOL
GB-EDU-126504,GB-COH-07696999,ST JOSEPH'S CATHOLIC COLLEGE
GB-EDU-126505,GB-COH-07682819,THE COMMONWEAL SCHOOL
GB-EDU-126509,GB-COH-07344277,HARDENHUISH SCHOOL LIMITED
GB-EDU-126517,GB-COH-06267911,CHAFYN GROVE SCHOOL
GB-EDU-126518,GB-COH-04461932,SALISBURY CATHEDRAL SCHOOL LIMITED
GB-EDU-126522,GB-COH-02990649,WARMINSTER SCHOOL
GB-EDU-126532,GB-COH-05872694,DAUNTSEY'S SCHOOL
GB-EDU-129489,GB-COH-08151601,PARKLANDS HIGH SCHOOL
GB-EDU-129678,GB-COH-01591107,YORK STEINER SCHOOL LIMITED
GB-EDU-130160,GB-COH-07715667,SUMMERCROFT PRIMARY SCHOOL
GB-EDU-130401,GB-COH-05479648,CITY LIT
GB-EDU-130412,GB-COH-02829836,MORLEY COLLEGE LIMITED
GB-EDU-130419,GB-COH-02806910,WORKERS' EDUCATIONAL ASSOCIATION
GB-EDU-130421,GB-COH-10601860,CAPITAL CITY COLLEGE GROUP
GB-EDU-130423,GB-COH-10641164,UNITED COLLEGES GROUP
GB-EDU-130430,GB-COH-10154627,LONDON SOUTH EAST COLLEGES LIMITED
GB-EDU-130495,GB-COH-11198091,BOLTON COLLEGE
GB-EDU-130500,GB-COH-10139143,THE MANCHESTER COLLEGE
GB-EDU-130526,GB-COH-11283876,DONCASTER COLLEGE
GB-EDU-130794,GB-COH-00066196,RUSKIN COLLEGE
GB-EDU-130826,GB-COH-05436271,TASHBAR OF EDGWARE LIMITED
GB-EDU-130828,GB-COH-11090286,GODALMING COLLEGE
GB-EDU-130831,GB-COH-10821223,WOKING COLLEGE
GB-EDU-131055,GB-COH-03143086,THE PRIORS SCHOOL
GB-EDU-131104,GB-COH-07627110,OVERTON GRANGE SCHOOL
GB-EDU-131205,GB-COH-07740516,"ABBEY COLLEGE, RAMSEY"
GB-EDU-131261,GB-COH-11468769,BARNET HILL ACADEMY
GB-EDU-131351,GB-COH-03183775,EDUCARE SMALL SCHOOL LIMITED
GB-EDU-131362,GB-COH-03622628,ST PAUL'S STEINER SCHOOL
GB-EDU-131386,GB-COH-07944253,BLENHEIM HIGH SCHOOL
GB-EDU-131473,GB-COH-07844694,JAMES BRINDLEY SCHOOL
GB-EDU-131532,GB-COH-08658515,REGENCY HIGH SCHOOL
GB-EDU-131548,GB-COH-09872386,MUSCLIFF PRIMARY SCHOOL
GB-EDU-131572,GB-COH-08714452,PEATMOOR COMMUNITY PRIMARY SCHOOL
GB-EDU-131599,GB-COH-07899198,WENTWORTH PRIMARY SCHOOL
GB-EDU-131743,GB-COH-03518506,EMMAUS SCHOOL LTD
GB-EDU-131860,GB-COH-02537501,THE DAVID LEWIS CENTRE
GB-EDU-131872,GB-COH-02909953,EDUCATION AND SERVICES FOR PEOPLE WITH AUTISM LIMITED
GB-EDU-131891,GB-COH-03031713,THE FORTUNE CENTRE OF RIDING THERAPY
GB-EDU-131893,GB-COH-04956068,HOMEFIELD COLLEGE LIMITED
GB-EDU-131904,GB-COH-08517429,LADYGROVE PARK PRIMARY SCHOOL
GB-EDU-131923,GB-COH-01004194,THE MOUNT CAMPHILL COMMUNITY LIMITED
GB-EDU-131959,GB-COH-00408340,PORTLAND COLLEGE
GB-EDU-131963,GB-COH-03387540,QUEEN ALEXANDRA COLLEGE
GB-EDU-132015,GB-COH-11087989,ST ELIZABETH'S CENTRE
GB-EDU-132095,GB-COH-03364291,LANCASTER STEINER SCHOOL LTD
GB-EDU-132099,GB-COH-07341618,PARADISE PRIMARY SCHOOL LIMITED
GB-EDU-132193,GB-COH-07685652,LETHBRIDGE PRIMARY SCHOOL
GB-EDU-132207,GB-COH-08027879,FIRTHMOOR PRIMARY SCHOOL
GB-EDU-132437,GB-COH-SC035577,ARDVRECK SCHOOL LIMITED
GB-EDU-132447,GB-COH-SC014265,MERCHISTON CASTLE SCHOOL
GB-EDU-132743,GB-COH-03618159,VALUES ACADEMY
GB-EDU-132750,GB-COH-12135851,ABU BAKR GIRLS SCHOOL LTD
GB-EDU-133052,GB-COH-00381332,LONDON SCHOOL OF THEOLOGY
GB-EDU-133173,GB-COH-08615826,DERWEN COLLEGE
GB-EDU-133349,GB-COH-06305498,JAMEAH ACADEMY
GB-EDU-133386,GB-COH-04220486,GREIG CITY ACADEMY
GB-EDU-133539,GB-COH-05189339,GREAT OAKS SMALL SCHOOL
GB-EDU-133550,GB-COH-07943378,WOODLAND VIEW PRIMARY SCHOOL
GB-EDU-133553,GB-COH-04311026,TORAH VODAAS LIMITED
GB-EDU-133582,GB-COH-08713217,MILLBROOK PRIMARY SCHOOL
GB-EDU-133603,GB-COH-09103432,GREENFIELDS PRIMARY SCHOOL LTD
GB-EDU-133806,GB-COH-04793659,CANTERBURY CHRIST CHURCH UNIVERSITY
GB-EDU-133811,GB-COH-03079282,UNIVERSITY OF DERBY
GB-EDU-133816,GB-COH-00974438,LONDON METROPOLITAN UNIVERSITY
GB-EDU-133818,GB-COH-06023243,UNIVERSITY OF GLOUCESTERSHIRE
GB-EDU-133826,GB-COH-03285547,LIVERPOOL HOPE UNIVERSITY
GB-EDU-133835,GB-COH-11963500,BISHOP GROSSETESTE UNIVERSITY
GB-EDU-133838,GB-COH-06305220,LEEDS TRINITY UNIVERSITY
GB-EDU-133842,GB-COH-04714889,UNIVERSITY OF MANCHESTER
GB-EDU-133873,GB-COH-00986761,LONDON SOUTH BANK UNIVERSITY
GB-EDU-133876,GB-COH-00986729,UNIVERSITY OF GREENWICH
GB-EDU-133880,GB-COH-05969256,UNIVERSITY OF WINCHESTER
GB-EDU-133884,GB-COH-05161359,ROEHAMPTON UNIVERSITY
GB-EDU-133891,GB-COH-08049710,HARPER ADAMS UNIVERSITY
GB-EDU-133895,GB-COH-05977277,"ST MARY'S UNIVERSITY, TWICKENHAM"
GB-EDU-133910,GB-COH-00070527,LONDON SCHOOL OF ECONOMICS AND POLITICAL SCIENCE
GB-EDU-133914,GB-COH-04498683,YORK ST JOHN UNIVERSITY
GB-EDU-133963,GB-COH-09872178,KINGSLEIGH PRIMARY SCHOOL
GB-EDU-133986,GB-COH-08599777,CAWSTON GRANGE PRIMARY SCHOOL
GB-EDU-134095,GB-COH-08693259,SKELTON PRIMARY SCHOOL
GB-EDU-134140,GB-COH-06421563,DARUL ULOOM DAWATUL IMAAN
GB-EDU-134154,GB-COH-04464432,COURTAULD INSTITUTE OF ART
GB-EDU-134280,GB-COH-08424090,ACOCKS GREEN PRIMARY SCHOOL
GB-EDU-134573,GB-COH-05157653,FROM BOYHOOD TO MANHOOD FOUNDATION
GB-EDU-134577,GB-COH-13303555,ZAKARIYA PRIMARY SCHOOL LIMITED
GB-EDU-134634,GB-COH-04305048,STEP BY STEP SCHOOL LIMITED
GB-EDU-134833,GB-COH-02889781,UNDERSHAW EDUCATION TRUST
GB-EDU-135044,GB-COH-07806338,LICKHILL PRIMARY SCHOOL
GB-EDU-135069,GB-COH-08488749,THREE WAYS SCHOOL
GB-EDU-135175,GB-COH-04270330,PARAYHOUSE SCHOOL
GB-EDU-135238,GB-COH-05994505,WARD END COMMUNITY COLLEGE LIMITED
GB-EDU-135264,GB-COH-05144640,ST MATTHEW ACADEMY
GB-EDU-135290,GB-COH-06202969,THE MARSH ACADEMY
GB-EDU-135295,GB-COH-02432546,JOHN CABOT ACADEMY
GB-EDU-135305,GB-COH-06207067,SPIRES ACADEMY
GB-EDU-135314,GB-COH-06162865,ST AIDAN'S CHURCH OF ENGLAND ACADEMY LIMITED
GB-EDU-135393,GB-COH-06188419,HOPE HOUSE SCHOOL LIMITED
GB-EDU-135409,GB-COH-06288947,LONDON CHRISTIAN SCHOOL LTD
GB-EDU-135633,GB-COH-07220595,AIM HABONIM
GB-EDU-135662,GB-COH-06479771,THE HEREFORD ACADEMY
GB-EDU-135735,GB-COH-04158590,INAURA SCHOOL
GB-EDU-135770,GB-COH-08304387,ESSA ACADEMY
GB-EDU-135800,GB-COH-05507547,FASHION RETAIL ACADEMY
GB-EDU-135818,GB-COH-06268570,CASTLE VIEW ENTERPRISE ACADEMY
GB-EDU-135870,GB-COH-08246313,RICKLEY PARK PRIMARY SCHOOL
GB-EDU-135875,GB-COH-06735003,MANCHESTER HEALTH ACADEMY
GB-EDU-135879,GB-COH-06745367,THE AYLESBURY VALE ACADEMY
GB-EDU-135882,GB-COH-08291293,THE WISDOM ACADEMY LTD
GB-EDU-135904,GB-COH-06934137,CITY ACADEMY NORWICH
GB-EDU-135948,GB-COH-00241676,MANCHESTER SETTLEMENT
GB-EDU-135971,GB-COH-06988928,PARK HALL ACADEMY
GB-EDU-136016,GB-COH-06831538,"ALL SAINTS' ACADEMY, CHELTENHAM"
GB-EDU-136125,GB-COH-07148158,THE BOURNE ACADEMY
GB-EDU-136141,GB-COH-07103919,THE SUTTON ACADEMY
GB-EDU-136175,GB-COH-07208598,DOVER CHRIST CHURCH ACADEMY
GB-EDU-136210,GB-COH-07118802,FITRAH SIPS
GB-EDU-136213,GB-COH-07310176,HARBORNE ACADEMY
GB-EDU-136231,GB-COH-07236388,BNOS BEIS YAAKOV PRIMARY SCHOOL LIMITED
GB-EDU-136258,GB-COH-07167919,BAHR ACADEMY
GB-EDU-136267,GB-COH-07346826,CHADWELL HEATH ACADEMY
GB-EDU-136275,GB-COH-07324340,THE PREMIER ACADEMY LIMITED
GB-EDU-136276,GB-COH-07348288,WATFORD GRAMMAR SCHOOL FOR BOYS
GB-EDU-136285,GB-COH-07343156,SEATON ACADEMY
GB-EDU-136289,GB-COH-07348254,WATFORD GRAMMAR SCHOOL FOR GIRLS
GB-EDU-136294,GB-COH-07341553,HUISH EPISCOPI ACADEMY
GB-EDU-136296,GB-COH-07344277,HARDENHUISH SCHOOL LIMITED
GB-EDU-136299,GB-COH-07333885,NORTHAMPTON SCHOOL FOR BOYS
GB-EDU-136303,GB-COH-07380068,PARK HALL INFANT ACADEMY
GB-EDU-136306,GB-COH-07331954,SIR THOMAS RICH'S SCHOOL
GB-EDU-136307,GB-COH-07398941,HIGHDOWN SCHOOL AND SIXTH FORM CENTRE
GB-EDU-136316,GB-COH-07400940,FOREST ACADEMY
GB-EDU-136317,GB-COH-07401373,SANDWICH TECHNOLOGY SCHOOL
GB-EDU-136321,GB-COH-07394671,TORQUAY BOYS' GRAMMAR SCHOOL
GB-EDU-136327,GB-COH-07380398,KINGSMEAD SCHOOL
GB-EDU-136329,GB-COH-07416734,GURU NANAK SIKH ACADEMY LIMITED
GB-EDU-136332,GB-COH-07330691,CROSSHALL INFANT SCHOOL ACADEMY TRUST
GB-EDU-136334,GB-COH-07379768,BETHS GRAMMAR SCHOOL
GB-EDU-136340,GB-COH-07404747,SANDBACH HIGH SCHOOL AND SIXTH FORM COLLEGE
GB-EDU-136350,GB-COH-07330058,CAISTOR GRAMMAR SCHOOL
GB-EDU-136353,GB-COH-07369704,PATE'S GRAMMAR SCHOOL
GB-EDU-136355,GB-COH-07393519,DARRICK WOOD SCHOOL
GB-EDU-136359,GB-COH-07406122,DARTFORD GRAMMAR SCHOOL
GB-EDU-136369,GB-COH-07455732,BEXLEY GRAMMAR SCHOOL
GB-EDU-136376,GB-COH-07411759,PARK ROAD ACADEMY PRIMARY SCHOOL
GB-EDU-136377,GB-COH-07458631,WELLINGTON SCHOOL
GB-EDU-136381,GB-COH-07441463,LANCASTER GIRLS' GRAMMAR SCHOOL
GB-EDU-136382,GB-COH-07455452,CHATHAM & CLARENDON GRAMMAR SCHOOL
GB-EDU-136383,GB-COH-07459742,BODMIN COLLEGE
GB-EDU-136386,GB-COH-07465520,WHITBURN CHURCH OF ENGLAND ACADEMY
GB-EDU-136387,GB-COH-07451781,THE OCKENDON ACADEMY
GB-EDU-136390,GB-COH-07461173,CLITHEROE ROYAL GRAMMAR SCHOOL
GB-EDU-136391,GB-COH-07451741,SOUTH WILTS GRAMMAR SCHOOL
GB-EDU-136395,GB-COH-07458484,LEVER EDGE PRIMARY ACADEMY
GB-EDU-136396,GB-COH-07447497,THE BROXBOURNE SCHOOL
GB-EDU-136412,GB-COH-07445392,CHELMSFORD COUNTY HIGH SCHOOL FOR GIRLS
GB-EDU-136413,GB-COH-07470621,HILLYFIELD PRIMARY ACADEMY
GB-EDU-136416,GB-COH-07467445,DEBENHAM HIGH SCHOOL
GB-EDU-136417,GB-COH-07455728,TONBRIDGE GRAMMAR SCHOOL
GB-EDU-136419,GB-COH-07451811,DR CHALLONER'S GRAMMAR SCHOOL
GB-EDU-136441,GB-COH-07477728,THE FLITCH GREEN ACADEMY
GB-EDU-136448,GB-COH-07494754,KENDRICK SCHOOL
GB-EDU-136449,GB-COH-07475515,READING SCHOOL
GB-EDU-136465,GB-COH-07498923,HERNE BAY HIGH SCHOOL
GB-EDU-136467,GB-COH-07527090,CHISLEHURST SCHOOL FOR GIRLS
GB-EDU-136483,GB-COH-07495165,OLDFIELD SCHOOL
GB-EDU-136492,GB-COH-07530497,BRADWORTHY PRIMARY ACADEMY
GB-EDU-136498,GB-COH-07538380,SALE GRAMMAR SCHOOL
GB-EDU-136500,GB-COH-07525856,BISHOP WORDSWORTH'S CHURCH OF ENGLAND GRAMMAR SCHOOL
GB-EDU-136501,GB-COH-07539918,SIR ROGER MANWOOD'S SCHOOL
GB-EDU-136505,GB-COH-07524069,THE ECCLESBOURNE SCHOOL
GB-EDU-136510,GB-COH-07116724,NORTHLEIGH HOUSE SCHOOL LTD
GB-EDU-136519,GB-COH-07557791,HAYDON SCHOOL
GB-EDU-136521,GB-COH-07536795,LANGLEY GRAMMAR SCHOOL
GB-EDU-136522,GB-COH-07559818,CRANFORD COMMUNITY COLLEGE
GB-EDU-136529,GB-COH-07545019,SUNBURY MANOR SCHOOL
GB-EDU-136539,GB-COH-07556185,EATON BRAY ACADEMY
GB-EDU-136542,GB-COH-07566298,HARTWELL PRIMARY SCHOOL
GB-EDU-136543,GB-COH-07570395,THE BISHOPS' BLUE COAT CHURCH OF ENGLAND HIGH SCHOOL
GB-EDU-136554,GB-COH-07559285,DAME ALICE OWEN'S SCHOOL
GB-EDU-136556,GB-COH-07561356,PLYMPTON ACADEMY
GB-EDU-136559,GB-COH-07566436,REDBORNE UPPER SCHOOL AND COMMUNITY COLLEGE
GB-EDU-136560,GB-COH-07566455,WOODLAND MIDDLE SCHOOL ACADEMY
GB-EDU-136567,GB-COH-07557657,PENAIR SCHOOL
GB-EDU-136578,GB-COH-07489196,THE CRYPT SCHOOL
GB-EDU-136588,GB-COH-07556657,DEVONPORT HIGH SCHOOL FOR GIRLS
GB-EDU-136589,GB-COH-07523506,BARTLEY GREEN SCHOOL
GB-EDU-136590,GB-COH-07563329,KINGS NORTON GIRLS' SCHOOL
GB-EDU-136593,GB-COH-07511610,FAIRFIELD HIGH SCHOOL FOR GIRLS
GB-EDU-136600,GB-COH-07547060,THE COOPERS' COMPANY AND COBORN SCHOOL
GB-EDU-136602,GB-COH-07566505,ST MARGARET'S ACADEMY
GB-EDU-136605,GB-COH-07552735,WILLIAM DE FERRERS SCHOOL
GB-EDU-136606,GB-COH-07563361,RICKMANSWORTH SCHOOL
GB-EDU-136608,GB-COH-07552786,THE KNIGHTS TEMPLAR SCHOOL
GB-EDU-136612,GB-COH-07554085,EXMOUTH COMMUNITY COLLEGE
GB-EDU-136614,GB-COH-07525178,POOL ACADEMY
GB-EDU-136615,GB-COH-07538459,THE TIFFIN GIRLS' SCHOOL
GB-EDU-136616,GB-COH-07538389,WOOD GREEN ACADEMY
GB-EDU-136621,GB-COH-07536970,WILSON'S SCHOOL
GB-EDU-136622,GB-COH-07485466,ALCESTER GRAMMAR SCHOOL
GB-EDU-136623,GB-COH-07550474,CHOSEN HILL SCHOOL
GB-EDU-136625,GB-COH-07540256,DAVENANT FOUNDATION SCHOOL
GB-EDU-136629,GB-COH-07556159,UPPINGHAM COMMUNITY COLLEGE
GB-EDU-136631,GB-COH-07570315,SWAKELEYS SCHOOL FOR GIRLS
GB-EDU-136632,GB-COH-07556236,SHELDON SCHOOL
GB-EDU-136634,GB-COH-07560177,WEST PARK SCHOOL
GB-EDU-136639,GB-COH-07547023,KINGSMEAD ACADEMY
GB-EDU-136640,GB-COH-07560175,THE MOUNTBATTEN SCHOOL
GB-EDU-136641,GB-COH-07561488,FREEMANTLE CHURCH OF ENGLAND COMMUNITY ACADEMY
GB-EDU-136642,GB-COH-07563345,"KING EDWARD VI GRAMMAR SCHOOL, CHELMSFORD"
GB-EDU-136648,GB-COH-07548734,HAYES SCHOOL
GB-EDU-136653,GB-COH-07531756,ALDERMAN JACOBS SCHOOL
GB-EDU-136658,GB-COH-07552702,EAST BARNET SCHOOL
GB-EDU-136666,GB-COH-07538730,DENMARK ROAD HIGH SCHOOL
GB-EDU-136672,GB-COH-07547393,THE HAYFIELD SCHOOL
GB-EDU-136717,GB-COH-07604183,HODGSON ACADEMY
GB-EDU-136719,GB-COH-07596997,THE BURGATE SCHOOL AND SIXTH FORM
GB-EDU-136725,GB-COH-07524244,CHELTENHAM BOURNSIDE SCHOOL AND SIXTH FORM CENTRE
GB-EDU-136727,GB-COH-07584611,OAKWOOD PARK GRAMMAR SCHOOL
GB-EDU-136732,GB-COH-07584063,QUEEN ELIZABETH GRAMMAR SCHOOL PENRITH
GB-EDU-136734,GB-COH-07601846,BUTTSBURY JUNIOR SCHOOL
GB-EDU-136742,GB-COH-07469330,LANCASTER ROYAL GRAMMAR SCHOOL
GB-EDU-136756,GB-COH-07627110,OVERTON GRANGE SCHOOL
GB-EDU-136763,GB-COH-07631213,HIGHCLIFFE SCHOOL
GB-EDU-136764,GB-COH-07606409,WINCHCOMBE SCHOOL
GB-EDU-136771,GB-COH-07638999,JOHN HAMPDEN GRAMMAR SCHOOL
GB-EDU-136772,GB-COH-07633215,CLEEVE SCHOOL
GB-EDU-136782,GB-COH-07605059,THOMAS MILLS HIGH SCHOOL
GB-EDU-136789,GB-COH-07635448,WALLINGTON HIGH SCHOOL FOR GIRLS
GB-EDU-136790,GB-COH-07534695,FOSSE WAY ACADEMY LTD
GB-EDU-136799,GB-COH-07635432,CARSHALTON BOYS SPORTS COLLEGE
GB-EDU-136807,GB-COH-07451568,ST LUKE'S CHURCH OF ENGLAND SCHOOL
GB-EDU-136821,GB-COH-07408229,THE FREE SCHOOL NORWICH
GB-EDU-136828,GB-COH-07657277,COLLINGWOOD COLLEGE
GB-EDU-136829,GB-COH-07670723,ARNOLD ACADEMY
GB-EDU-136831,GB-COH-07652476,TREWIRGIE JUNIOR SCHOOL
GB-EDU-136836,GB-COH-07658688,REID STREET PRIMARY SCHOOL
GB-EDU-136840,GB-COH-07657794,WHITLEY ACADEMY
GB-EDU-136846,GB-COH-07633357,AYLESBURY HIGH SCHOOL
GB-EDU-136849,GB-COH-07662809,PEWSEY VALE SCHOOL
GB-EDU-136850,GB-COH-07666111,POOLE GRAMMAR SCHOOL
GB-EDU-136851,GB-COH-07660968,BISHOP FOX'S SCHOOL
GB-EDU-136852,GB-COH-07654298,PENRYN COLLEGE
GB-EDU-136855,GB-COH-07610916,MOULSHAM INFANT SCHOOL
GB-EDU-136858,GB-COH-07633379,THE HIGHCREST ACADEMY
GB-EDU-136860,GB-COH-07660247,HIGHWORTH WARNEFORD SCHOOL
GB-EDU-136868,GB-COH-07633375,THE KING EDMUND SCHOOL
GB-EDU-136871,GB-COH-07657605,NORTH KESTEVEN ACADEMY
GB-EDU-136874,GB-COH-07657741,STROUD HIGH SCHOOL
GB-EDU-136880,GB-COH-07661205,THE HOLT SCHOOL
GB-EDU-136884,GB-COH-07538386,AYLESBURY GRAMMAR SCHOOL
GB-EDU-136890,GB-COH-07634426,CHRISTOPHER WHITEHEAD LANGUAGE COLLEGE
GB-EDU-136895,GB-COH-07652792,THE OLDERSHAW SCHOOL
GB-EDU-136896,GB-COH-07664288,ROSSETT SCHOOL
GB-EDU-136897,GB-COH-07657852,THE CHANTRY SCHOOL
GB-EDU-136899,GB-COH-07662765,PARMITER'S SCHOOL
GB-EDU-136900,GB-COH-07671404,ST WILFRID'S CHURCH OF ENGLAND ACADEMY
GB-EDU-136904,GB-COH-07662023,GREAT BADDOW HIGH SCHOOL
GB-EDU-136909,GB-COH-07654164,HEART OF ENGLAND SCHOOL
GB-EDU-136910,GB-COH-07547311,TIFFIN SCHOOL
GB-EDU-136915,GB-COH-07645774,WARREN ROAD PRIMARY SCHOOL
GB-EDU-136927,GB-COH-07666185,DROITWICH SPA HIGH SCHOOL AND SIXTH FORM CENTRE
GB-EDU-136944,GB-COH-06832416,BIRMINGHAM ORMISTON ACADEMY
GB-EDU-136958,GB-COH-07680513,CAISTOR YARBOROUGH ACADEMY LIMITED
GB-EDU-136959,GB-COH-07694080,THE CHEADLE ACADEMY
GB-EDU-136960,GB-COH-07680770,CHIPPING CAMPDEN SCHOOL
GB-EDU-136964,GB-COH-07690054,GREAT MARLOW SCHOOL
GB-EDU-136975,GB-COH-07660690,SIGNHILLS ACADEMY LIMITED
GB-EDU-136978,GB-COH-07710532,STRATFORD SCHOOL ACADEMY
GB-EDU-136980,GB-COH-07696999,ST JOSEPH'S CATHOLIC COLLEGE
GB-EDU-136981,GB-COH-07696905,HOLY CROSS CATHOLIC PRIMARY SCHOOL
GB-EDU-136994,GB-COH-07687619,ALDERBROOK SCHOOL
GB-EDU-136995,GB-COH-07688240,BEVERLEY GRAMMAR SCHOOL
GB-EDU-136996,GB-COH-07703931,BOURNEMOUTH SCHOOL FOR GIRLS
GB-EDU-136999,GB-COH-07689749,CHARLTON KINGS INFANTS' SCHOOL
GB-EDU-137002,GB-COH-07686458,FREMAN COLLEGE
GB-EDU-137007,GB-COH-07693853,LANGLEY SCHOOL
GB-EDU-137008,GB-COH-07687663,LODE HEATH SCHOOL
GB-EDU-137020,GB-COH-07697027,WEST HILL SCHOOL
GB-EDU-137028,GB-COH-07690023,NOWER HILL HIGH SCHOOL
GB-EDU-137029,GB-COH-07684902,SOUTH BENFLEET PRIMARY SCHOOL
GB-EDU-137033,GB-COH-07696921,KATHARINE LADY BERKELEY'S SCHOOL
GB-EDU-137034,GB-COH-07698296,HOLYHEAD SCHOOL
GB-EDU-137040,GB-COH-07693827,THE CAMPION SCHOOL
GB-EDU-137048,GB-COH-07692668,MAYFLOWER HIGH SCHOOL
GB-EDU-137051,GB-COH-07694547,NUNNERY WOOD HIGH SCHOOL
GB-EDU-137052,GB-COH-07647327,OUSEDALE SCHOOL
GB-EDU-137059,GB-COH-07698037,THOMAS KEBLE SCHOOL
GB-EDU-137060,GB-COH-07700838,TOLWORTH GIRLS' SCHOOL AND SIXTH FORM
GB-EDU-137062,GB-COH-07669263,WESTBURY-ON-TRYM CHURCH OF ENGLAND ACADEMY
GB-EDU-137074,GB-COH-07697045,HOLY ROOD CATHOLIC PRIMARY SCHOOL
GB-EDU-137075,GB-COH-07689613,PARK HIGH SCHOOL
GB-EDU-137086,GB-COH-07698789,BISHOP STOPFORD SCHOOL
GB-EDU-137092,GB-COH-07692440,DISS HIGH SCHOOL
GB-EDU-137094,GB-COH-07697044,ENFIELD GRAMMAR SCHOOL
GB-EDU-137097,GB-COH-07707979,FARMOR'S SCHOOL
GB-EDU-137107,GB-COH-07715613,KIRKBY STEPHEN GRAMMAR SCHOOL
GB-EDU-137110,GB-COH-07695624,LONGDEAN SCHOOL
GB-EDU-137125,GB-COH-07693860,NOADSWOOD SCHOOL
GB-EDU-137127,GB-COH-07713512,PARBOLD DOUGLAS CHURCH OF ENGLAND ACADEMY
GB-EDU-137129,GB-COH-07695684,PRIESTLANDS SCHOOL
GB-EDU-137130,GB-COH-07672980,PRENTON HIGH SCHOOL FOR GIRLS
GB-EDU-137135,GB-COH-07690250,SIR ROBERT PATTINSON ACADEMY
GB-EDU-137157,GB-COH-07700776,THE LONDON ORATORY SCHOOL
GB-EDU-137168,GB-COH-07685796,ROOKERY SCHOOL
GB-EDU-137169,GB-COH-07700206,VANDYKE UPPER SCHOOL
GB-EDU-137171,GB-COH-07695736,WIRRAL GRAMMAR SCHOOL FOR GIRLS
GB-EDU-137172,GB-COH-07700251,ALCESTER ACADEMY
GB-EDU-137173,GB-COH-07698978,CHURCHDOWN VILLAGE INFANT SCHOOL
GB-EDU-137175,GB-COH-07700773,TATWORTH PRIMARY SCHOOL
GB-EDU-137177,GB-COH-07695709,HARROW HIGH SCHOOL
GB-EDU-137181,GB-COH-07024902,THE UCL ACADEMY
GB-EDU-137190,GB-COH-07682819,THE COMMONWEAL SCHOOL
GB-EDU-137191,GB-COH-07685652,LETHBRIDGE PRIMARY SCHOOL
GB-EDU-137199,GB-COH-07694362,CANONS HIGH SCHOOL
GB-EDU-137204,GB-COH-07690395,HATCH END HIGH SCHOOL
GB-EDU-137207,GB-COH-07649769,GOTHERINGTON PRIMARY SCHOOL
GB-EDU-137208,GB-COH-07654882,HOLBROOK ACADEMY
GB-EDU-137209,GB-COH-07654273,WEST COVENTRY ACADEMY
GB-EDU-137215,GB-COH-07693365,THE CHALFONTS COMMUNITY COLLEGE
GB-EDU-137217,GB-COH-07686390,CIRENCESTER KINGSHILL SCHOOL
GB-EDU-137219,GB-COH-07694530,DR CHALLONER'S HIGH SCHOOL
GB-EDU-137224,GB-COH-07695796,MOUNT GRACE SCHOOL
GB-EDU-137229,GB-COH-07687770,HOUNSDOWN SCHOOL
GB-EDU-137231,GB-COH-07687583,LIGHT HALL SCHOOL
GB-EDU-137233,GB-COH-07693743,SACRED HEART OF MARY GIRLS' SCHOOL
GB-EDU-137235,GB-COH-07646003,STRATFORD GIRLS' GRAMMAR SCHOOL
GB-EDU-137237,GB-COH-07686145,THAMESMEAD SCHOOL
GB-EDU-137241,GB-COH-07694325,THURSTABLE SCHOOL SPORTS COLLEGE AND SIXTH FORM CENTRE
GB-EDU-137243,GB-COH-07697158,WEST KIRBY GRAMMAR SCHOOL
GB-EDU-137246,GB-COH-07686371,THE ROBERT DRAKE PRIMARY SCHOOL
GB-EDU-137247,GB-COH-07687947,JOTMANS HALL PRIMARY SCHOOL
GB-EDU-137249,GB-COH-07681848,ALAMEDA MIDDLE SCHOOL
GB-EDU-137251,GB-COH-07698461,APPLEBY GRAMMAR SCHOOL
GB-EDU-137254,GB-COH-07680823,CALDEW SCHOOL
GB-EDU-137260,GB-COH-07696117,CHELMER VALLEY HIGH SCHOOL
GB-EDU-137261,GB-COH-07633408,JOHN COLET SCHOOL
GB-EDU-137263,GB-COH-07686578,HAZELWICK SCHOOL
GB-EDU-137266,GB-COH-07691867,CHARLTON KINGS JUNIOR SCHOOL
GB-EDU-137285,GB-COH-07706776,THE BLUE SCHOOL
GB-EDU-137286,GB-COH-07724780,MONTACUTE SCHOOL
GB-EDU-137288,GB-COH-07697117,HITCHIN GIRLS' SCHOOL
GB-EDU-137295,GB-COH-07712850,CORPUS CHRISTI CATHOLIC PRIMARY SCHOOL
GB-EDU-137297,GB-COH-07695504,BIRKDALE HIGH SCHOOL
GB-EDU-137298,GB-COH-07705465,SEVERN VALE SCHOOL
GB-EDU-137299,GB-COH-07718002,RICHARD CHALLONER SCHOOL
GB-EDU-137303,GB-COH-07718480,INDEPENDENT JEWISH DAY SCHOOL
GB-EDU-137309,GB-COH-07716057,THE KING DAVID HIGH SCHOOL
GB-EDU-137312,GB-COH-07697023,ST BERNARD'S HIGH SCHOOL
GB-EDU-137313,GB-COH-07698729,SEXEY'S SCHOOL
GB-EDU-137315,GB-COH-07703800,TESTWOOD SCHOOL
GB-EDU-137335,GB-COH-07705402,AUCKLEY SCHOOL
GB-EDU-137336,GB-COH-07721594,THE CORBET SCHOOL
GB-EDU-137340,GB-COH-07718680,CASTERTON COLLEGE RUTLAND
GB-EDU-137341,GB-COH-07717189,SCOUT ROAD ACADEMY
GB-EDU-137343,GB-COH-07662135,AMERSHAM SCHOOL
GB-EDU-137346,GB-COH-07744525,HILLCREST SCHOOL AND SIXTH FORM CENTRE
GB-EDU-137348,GB-COH-07730938,GREAT SMEATON ACADEMY PRIMARY SCHOOL
GB-EDU-137351,GB-COH-07715667,SUMMERCROFT PRIMARY SCHOOL
GB-EDU-137354,GB-COH-07734360,NORTHGATE SCHOOL ARTS COLLEGE
GB-EDU-137355,GB-COH-07743646,WADDESDON CHURCH OF ENGLAND SCHOOL
GB-EDU-137361,GB-COH-07697281,WHITEFIELD SCHOOL
GB-EDU-137363,GB-COH-07714867,CAMBRIDGE PARK ACADEMY LIMITED
GB-EDU-137368,GB-COH-07654127,HURSTMERE SCHOOL
GB-EDU-137377,GB-COH-07740516,"ABBEY COLLEGE, RAMSEY"
GB-EDU-137382,GB-COH-07735863,WYEDEAN SCHOOL AND SIXTH FORM CENTRE
GB-EDU-137384,GB-COH-07727974,CANNOCK CHASE HIGH SCHOOL
GB-EDU-137385,GB-COH-05264900,GUST INDEPENDENT SCHOOL LTD
GB-EDU-137386,GB-COH-07713287,MILL HILL COUNTY HIGH SCHOOL
GB-EDU-137388,GB-COH-07714167,CHRIST'S COLLEGE FINCHLEY
GB-EDU-137391,GB-COH-07733200,BURNLEY ROAD ACADEMY
GB-EDU-137397,GB-COH-07725629,SHELDWICH PRIMARY SCHOOL
GB-EDU-137401,GB-COH-07671486,WOODBROOK VALE SCHOOL
GB-EDU-137414,GB-COH-07726858,EMERSON PARK ACADEMY
GB-EDU-137418,GB-COH-07737159,THE URSULINE ACADEMY ILFORD
GB-EDU-137421,GB-COH-07728029,ACCRINGTON ST CHRISTOPHER'S CHURCH OF ENGLAND HIGH SCHOOL
GB-EDU-137423,GB-COH-07654130,CHISLEHURST AND SIDCUP GRAMMAR SCHOOL
GB-EDU-137432,GB-COH-07728265,FIELD COURT JUNIOR SCHOOL
GB-EDU-137436,GB-COH-07724342,FORMBY HIGH SCHOOL
GB-EDU-137437,GB-COH-07736180,ENMORE CHURCH OF ENGLAND PRIMARY SCHOOL
GB-EDU-137438,GB-COH-07645519,ROOKS NEST ACADEMY
GB-EDU-137440,GB-COH-07732888,COTHAM SCHOOL
GB-EDU-137447,GB-COH-07732027,LINCOLN CHRIST'S HOSPITAL SCHOOL
GB-EDU-137448,GB-COH-07733109,FRED LONGWORTH HIGH SCHOOL
GB-EDU-137450,GB-COH-07710870,LACEY GREEN PRIMARY ACADEMY
GB-EDU-137451,GB-COH-07669751,WESTGATE ACADEMY LTD
GB-EDU-137452,GB-COH-07745881,BOURNEMOUTH SCHOOL
GB-EDU-137457,GB-COH-07730940,CRAMLINGTON LEARNING VILLAGE
GB-EDU-137458,GB-COH-07715043,BROCKHILL PARK PERFORMING ARTS COLLEGE
GB-EDU-137465,GB-COH-07721470,ST BARTHOLOMEW'S SCHOOL
GB-EDU-137468,GB-COH-07713374,ST IVES INFANT SCHOOL
GB-EDU-137471,GB-COH-07721109,BAMFORD ACADEMY
GB-EDU-137476,GB-COH-07734231,WIRRAL GRAMMAR SCHOOL FOR BOYS
GB-EDU-137488,GB-COH-03143086,THE PRIORS SCHOOL
GB-EDU-137491,GB-COH-06486255,SANDBACH SCHOOL
GB-EDU-137512,GB-COH-07756219,BELTHORN ACADEMY PRIMARY SCHOOL
GB-EDU-137514,GB-COH-07761675,CHESTERFIELD HIGH SCHOOL
GB-EDU-137517,GB-COH-07770592,HARROWBARROW SCHOOL
GB-EDU-137518,GB-COH-07763421,HENLEAZE JUNIOR SCHOOL
GB-EDU-137519,GB-COH-07727564,LINDLEY JUNIOR SCHOOL
GB-EDU-137538,GB-COH-07751232,CAMS HILL SCHOOL
GB-EDU-137542,GB-COH-07737398,MELLOR PRIMARY SCHOOL
GB-EDU-137543,GB-COH-07772327,PENNINE WAY JUNIOR ACADEMY
GB-EDU-137553,GB-COH-07778406,THE WESTON ROAD ACADEMY
GB-EDU-137556,GB-COH-07717482,BROADOAK PRIMARY SCHOOL
GB-EDU-137566,GB-COH-07774109,WILLIAM TYNDALE PRIMARY SCHOOL
GB-EDU-137567,GB-COH-05926424,CROYDON METROPOLITAN COLLEGE LIMITED
GB-EDU-137598,GB-COH-07807248,BERWICK ACADEMY
GB-EDU-137611,GB-COH-07808707,LISLE MARSDEN CHURCH OF ENGLAND PRIMARY ACADEMY
GB-EDU-137612,GB-COH-07770687,RANGE HIGH SCHOOL
GB-EDU-137614,GB-COH-07807158,MOULTON SCHOOL AND SCIENCE COLLEGE
GB-EDU-137627,GB-COH-07798550,ST BEDE'S CATHOLIC COLLEGE
GB-EDU-137633,GB-COH-07799811,BISHOPSHALT SCHOOL
GB-EDU-137634,GB-COH-07773693,CHURCHDOWN SCHOOL
GB-EDU-137637,GB-COH-07791971,BIRCHWOOD HIGH SCHOOL
GB-EDU-137640,GB-COH-07652661,RAWLINS ACADEMY
GB-EDU-137641,GB-COH-07770605,CLAYTON-LE-MOORS ALL SAINTS' CHURCH OF ENGLAND PRIMARY SCHOOL
GB-EDU-137645,GB-COH-07803827,HENDON SCHOOL
GB-EDU-137653,GB-COH-07729759,CASTLE CARROCK SCHOOL
GB-EDU-137655,GB-COH-07809248,THE FREESTON ACADEMY
GB-EDU-137660,GB-COH-07804043,JOYDENS WOOD INFANT SCHOOL
GB-EDU-137661,GB-COH-07803743,JOYDENS WOOD JUNIOR SCHOOL
GB-EDU-137663,GB-COH-07800252,WILMINGTON PRIMARY SCHOOL
GB-EDU-137679,GB-COH-07831395,ICKNIELD HIGH SCHOOL
GB-EDU-137681,GB-COH-07694573,ST CATHERINE'S CATHOLIC SCHOOL
GB-EDU-137682,GB-COH-07797058,SIR WILLIAM BURROUGH PRIMARY SCHOOL
GB-EDU-137684,GB-COH-07831414,THE DORCAN ACADEMY
GB-EDU-137685,GB-COH-07819872,KINGSBURY HIGH SCHOOL
GB-EDU-137693,GB-COH-07803789,BRANSGORE CHURCH OF ENGLAND PRIMARY SCHOOL
GB-EDU-137695,GB-COH-07831255,COX GREEN SCHOOL
GB-EDU-137701,GB-COH-07672607,OLDBURY ACADEMY
GB-EDU-137707,GB-COH-07841414,THE STREETLY ACADEMY
GB-EDU-137728,GB-COH-07800664,CHIDDINGSTONE CHURCH OF ENGLAND SCHOOL
GB-EDU-137740,GB-COH-07834715,FURZE PLATT SENIOR SCHOOL
GB-EDU-137741,GB-COH-07814065,SELWOOD ACADEMY
GB-EDU-137745,GB-COH-07831292,WOODSIDE HIGH SCHOOL
GB-EDU-137752,GB-COH-07840060,TEWKESBURY SCHOOL
GB-EDU-137756,GB-COH-07851337,THE FIRS LOWER SCHOOL
GB-EDU-137757,GB-COH-07831507,BISHOP'S HATFIELD GIRLS' SCHOOL
GB-EDU-137759,GB-COH-07840804,THE AXHOLME ACADEMY
GB-EDU-137760,GB-COH-07772345,WALTHAM LEAS PRIMARY ACADEMY LIMITED
GB-EDU-137762,GB-COH-07848632,WEST TOWN LANE ACADEMY
GB-EDU-137765,GB-COH-07825848,CONISBROUGH IVANHOE PRIMARY ACADEMY
GB-EDU-137767,GB-COH-07849858,HIGHAM LANE SCHOOL
GB-EDU-137770,GB-COH-07848367,AYLESFORD SCHOOL WARWICK
GB-EDU-137775,GB-COH-07849654,HORSFORTH SCHOOL
GB-EDU-137777,GB-COH-07852122,DENEFIELD SCHOOL
GB-EDU-137787,GB-COH-07805677,SCARTHO JUNIOR ACADEMY LIMITED
GB-EDU-137790,GB-COH-07849731,PLUME SCHOOL
GB-EDU-137793,GB-COH-07850292,BOURNE GRAMMAR SCHOOL
GB-EDU-137814,GB-COH-07769103,COLCHESTER ROYAL GRAMMAR SCHOOL
GB-EDU-137825,GB-COH-07806338,LICKHILL PRIMARY SCHOOL
GB-EDU-137833,GB-COH-07898331,THE MAPLESDEN NOAKES SCHOOL
GB-EDU-137834,GB-COH-07900248,"MAYFIELD GRAMMAR SCHOOL, GRAVESEND"
GB-EDU-137836,GB-COH-07899198,WENTWORTH PRIMARY SCHOOL
GB-EDU-137847,GB-COH-07900439,STANBOROUGH SCHOOL
GB-EDU-137853,GB-COH-07897243,CRANFIELD CHURCH OF ENGLAND ACADEMY
GB-EDU-137854,GB-COH-07836684,GRETTON PRIMARY SCHOOL
GB-EDU-137857,GB-COH-07891230,QUARRYDALE ACADEMY
GB-EDU-137871,GB-COH-07847021,GRAVENEY PRIMARY SCHOOL
GB-EDU-137877,GB-COH-07898905,SHENFIELD HIGH SCHOOL
GB-EDU-137887,GB-COH-04404965,MUSIC STUFF
GB-EDU-137896,GB-COH-07939260,WEATHERFIELD ACADEMY
GB-EDU-137905,GB-COH-07931627,FOREST WAY SCHOOL
GB-EDU-137906,GB-COH-07944253,BLENHEIM HIGH SCHOOL
GB-EDU-137907,GB-COH-07954211,CHISWICK SCHOOL
GB-EDU-137911,GB-COH-07951293,ALLESTREE WOODLANDS SCHOOL
GB-EDU-137917,GB-COH-07776910,SOUTHBOROUGH HIGH SCHOOL
GB-EDU-137918,GB-COH-07943378,WOODLAND VIEW PRIMARY SCHOOL
GB-EDU-137921,GB-COH-07954417,GILLOTTS SCHOOL
GB-EDU-137929,GB-COH-07952451,UPTON HALL SCHOOL FCJ
GB-EDU-137931,GB-COH-07937317,SOUTH WIGSTON HIGH SCHOOL
GB-EDU-137934,GB-COH-07916763,ALFRISTON SCHOOL
GB-EDU-137940,GB-COH-07962216,ISLEWORTH AND SYON SCHOOL FOR BOYS
GB-EDU-137942,GB-COH-07908404,LORD LAWSON OF BEAMISH ACADEMY
GB-EDU-137943,GB-COH-07917745,APPLECROFT SCHOOL
GB-EDU-137964,GB-COH-07984125,HAMILTON ACADEMY
GB-EDU-137965,GB-COH-07974098,BLACKFEN SCHOOL FOR GIRLS
GB-EDU-137968,GB-COH-07992372,REDMOOR ACADEMY
GB-EDU-137971,GB-COH-07973327,MOULSHAM JUNIOR SCHOOL
GB-EDU-137986,GB-COH-07998451,LEVERTON CHURCH OF ENGLAND ACADEMY
GB-EDU-137988,GB-COH-07986921,BISHOP VESEY'S GRAMMAR SCHOOL
GB-EDU-137999,GB-COH-07150417,RED BALLOON LEARNER CENTRE READING
GB-EDU-138011,GB-COH-07986805,EAGLEY INFANT SCHOOL
GB-EDU-138012,GB-COH-09583593,THE WESTGATE SCHOOL
GB-EDU-138019,GB-COH-07992899,THE NORTON KNATCHBULL SCHOOL
GB-EDU-138020,GB-COH-07990655,THE JOHN OF GAUNT SCHOOL
GB-EDU-138023,GB-COH-07994219,COUNDON COURT
GB-EDU-138024,GB-COH-07999988,WADEBRIDGE SCHOOL
GB-EDU-138025,GB-COH-07984453,MONKTON ACADEMY
GB-EDU-138030,GB-COH-07982740,HUXLOW SCIENCE COLLEGE
GB-EDU-138034,GB-COH-07974434,LUDDENHAM SCHOOL
GB-EDU-138038,GB-COH-07954363,THE COWPLAIN SCHOOL
GB-EDU-138040,GB-COH-07991877,THE EPIPHANY SCHOOL
GB-EDU-138042,GB-COH-08003969,THE MARLBOROUGH SCIENCE ACADEMY LIMITED
GB-EDU-138051,GB-COH-07992842,THE HENRIETTA BARNETT SCHOOL
GB-EDU-138056,GB-COH-07998122,WAYNFLETE INFANTS' SCHOOL
GB-EDU-138057,GB-COH-07994012,LONG BENNINGTON CHURCH OF ENGLAND ACADEMY
GB-EDU-138058,GB-COH-07827237,HOLMER GREEN SENIOR SCHOOL
GB-EDU-138062,GB-COH-07930349,SIGNHILLS INFANT ACADEMY
GB-EDU-138078,GB-COH-07987239,MEADOWDALE ACADEMY
GB-EDU-138108,GB-COH-08028789,THE MARKET BOSWORTH SCHOOL
GB-EDU-138109,GB-COH-08045401,HOLY TRINITY CHURCH OF ENGLAND ACADEMY
GB-EDU-138129,GB-COH-08027879,FIRTHMOOR PRIMARY SCHOOL
GB-EDU-138135,GB-COH-07875747,ROBERT MAY'S SCHOOL
GB-EDU-138152,GB-COH-07986218,EAGLEY JUNIOR SCHOOL
GB-EDU-138155,GB-COH-08023322,GARTREE HIGH SCHOOL
GB-EDU-138183,GB-COH-08028387,BELLERIVE FCJ CATHOLIC COLLEGE
GB-EDU-138186,GB-COH-08059041,DORCHESTER MIDDLE SCHOOL
GB-EDU-138187,GB-COH-08053276,WOODCOTE HIGH SCHOOL
GB-EDU-138192,GB-COH-08060671,RYVERS SCHOOL
GB-EDU-138201,GB-COH-07648654,HATFIELD COMMUNITY FREE SCHOOL
GB-EDU-138208,GB-COH-08039319,WOODFIELD ACADEMY
GB-EDU-138211,GB-COH-08063683,KIBBLESWORTH ACADEMY
GB-EDU-138213,GB-COH-08063334,EPPLETON ACADEMY PRIMARY SCHOOL
GB-EDU-138262,GB-COH-08111431,SOUTH QUAY COLLEGE
GB-EDU-138269,GB-COH-07649335,EUROPA SCHOOL UK
GB-EDU-138284,GB-COH-08099606,RAUCEBY CHURCH OF ENGLAND PRIMARY SCHOOL
GB-EDU-138285,GB-COH-08104080,RIVERSIDE PRIMARY ACADEMY
GB-EDU-138286,GB-COH-08104190,BEAUMONT SCHOOL
GB-EDU-138289,GB-COH-08082185,BURFORD SCHOOL
GB-EDU-138302,GB-COH-08105758,"HOLY TRINITY PRIMARY SCHOOL, A CHURCH OF ENGLAND ACADEMY"
GB-EDU-138303,GB-COH-08055393,WARREN FARM PRIMARY SCHOOL
GB-EDU-138312,GB-COH-08100409,WESTMINSTER CITY SCHOOL
GB-EDU-138318,GB-COH-08100578,NESTON HIGH SCHOOL
GB-EDU-138329,GB-COH-08098352,ST BERNARD'S CATHOLIC HIGH SCHOOL
GB-EDU-138335,GB-COH-08085808,ST CYPRIAN'S GREEK ORTHODOX PRIMARY ACADEMY
GB-EDU-138337,GB-COH-08100620,ALL SAINTS' CATHOLIC HIGH SCHOOL
GB-EDU-138343,GB-COH-08077289,WOODLANDS ACADEMY OF LEARNING
GB-EDU-138361,GB-COH-08098354,NOTRE DAME HIGH SCHOOL
GB-EDU-138403,GB-COH-07643795,LONDON ACADEMY OF EXCELLENCE
GB-EDU-138459,GB-COH-07966826,THE HOLY CROSS SCHOOL
GB-EDU-138463,GB-COH-08137421,ST FRANCIS XAVIER'S COLLEGE
GB-EDU-138464,GB-COH-08125396,LORETO GRAMMAR SCHOOL
GB-EDU-138465,GB-COH-08135761,ST PATRICK'S CATHOLIC PRIMARY SCHOOL
GB-EDU-138467,GB-COH-08018275,BURSAR PRIMARY ACADEMY
GB-EDU-138468,GB-COH-08018237,THRUNSCOE PRIMARY AND NURSERY ACADEMY
GB-EDU-138476,GB-COH-08135868,ST ANNE'S CATHOLIC SCHOOL
GB-EDU-138484,GB-COH-08124615,THE SELE SCHOOL
GB-EDU-138485,GB-COH-08130253,KNIGHTSFIELD SCHOOL
GB-EDU-138486,GB-COH-08131708,BRANSTON JUNIOR ACADEMY
GB-EDU-138491,GB-COH-08144566,THE BISHOP WAND CHURCH OF ENGLAND SCHOOL
GB-EDU-138531,GB-COH-08130158,WESTBURY PARK SCHOOL
GB-EDU-138538,GB-COH-08161246,HAWES SIDE ACADEMY
GB-EDU-138542,GB-COH-08018146,YARBOROUGH ACADEMY
GB-EDU-138545,GB-COH-07933749,MEADOWHEAD SCHOOL ACADEMY TRUST
GB-EDU-138547,GB-COH-08133047,CHARLTON PARK ACADEMY
GB-EDU-138548,GB-COH-07845470,SUTHERLAND PRIMARY ACADEMY
GB-EDU-138551,GB-COH-07735646,THE CRESCENT ACADEMY
GB-EDU-138576,GB-COH-08132137,GRASMERE ACADEMY
GB-EDU-138592,GB-COH-08291666,ST LAURENCE IN THANET CHURCH OF ENGLAND JUNIOR ACADEMY
GB-EDU-138607,GB-COH-08156535,LADY MARGARET SCHOOL
GB-EDU-138610,GB-COH-08163458,ALPERTON COMMUNITY SCHOOL
GB-EDU-138612,GB-COH-08163424,ST THOMAS BECKET CATHOLIC PRIMARY SCHOOL
GB-EDU-138615,GB-COH-08152109,UPPERWOOD ACADEMY
GB-EDU-138617,GB-COH-08165319,CHEW STOKE CHURCH SCHOOL
GB-EDU-138632,GB-COH-08171632,MONK'S WALK SCHOOL
GB-EDU-138634,GB-COH-08068464,MAPLEFIELDS ACADEMY
GB-EDU-138647,GB-COH-08151601,PARKLANDS HIGH SCHOOL
GB-EDU-138649,GB-COH-08164849,GRASVENOR AVENUE INFANT SCHOOL
GB-EDU-138650,GB-COH-08088957,ST COLUMBA'S CATHOLIC BOYS' SCHOOL
GB-EDU-138651,GB-COH-08165744,ORLEANS PARK SCHOOL
GB-EDU-138661,GB-COH-08151281,FOXWOOD ACADEMY
GB-EDU-138664,GB-COH-08160225,WASELEY HILLS HIGH SCHOOL
GB-EDU-138685,GB-COH-08161745,COPTHALL SCHOOL
GB-EDU-138693,GB-COH-08146396,GREENHOLM PRIMARY SCHOOL
GB-EDU-138694,GB-COH-08144490,BARR VIEW PRIMARY & NURSERY ACADEMY
GB-EDU-138695,GB-COH-08173271,GEORGE DIXON ACADEMY
GB-EDU-138705,GB-COH-08082204,ARMTHORPE SHAW WOOD ACADEMY LIMITED
GB-EDU-138706,GB-COH-08164889,KING JAMES'S SCHOOL
GB-EDU-138708,GB-COH-08144135,COTHAM GARDENS PRIMARY SCHOOL LTD
GB-EDU-138716,GB-COH-08123602,WYVERN ACADEMY
GB-EDU-138719,GB-COH-08153776,HOOK-WITH-WARSASH CHURCH OF ENGLAND ACADEMY
GB-EDU-138720,GB-COH-08036151,EGGAR'S SCHOOL
GB-EDU-138721,GB-COH-08135574,IBSTOCK COMMUNITY COLLEGE
GB-EDU-138732,GB-COH-08171068,LYMM HIGH SCHOOL
GB-EDU-138735,GB-COH-08187197,KENNINGTONS PRIMARY ACADEMY
GB-EDU-138736,GB-COH-08183461,BEACON HILL ACADEMY
GB-EDU-138740,GB-COH-08168813,OLD BASFORD SCHOOL
GB-EDU-138741,GB-COH-08163499,THE MILFORD ACADEMY
GB-EDU-138746,GB-COH-08153177,NEWENT COMMUNITY SCHOOL AND SIXTH FORM CENTRE
GB-EDU-138747,GB-COH-07992852,HERTSWOOD ACADEMY
GB-EDU-138755,GB-COH-08149761,THE THOMAS COWLEY HIGH SCHOOL LTD
GB-EDU-138767,GB-COH-08174462,SHIPSTON HIGH SCHOOL
GB-EDU-138771,GB-COH-04364394,THE ST MICHAEL STEINER SCHOOL LIMITED
GB-EDU-138801,GB-COH-07305161,HAFS ACADEMY LIMITED
GB-EDU-138809,GB-COH-08197353,LADY JANE GREY PRIMARY SCHOOL
GB-EDU-138820,GB-COH-08203218,CASTLE DONINGTON COLLEGE
GB-EDU-138823,GB-COH-08208767,CHARTERS SCHOOL
GB-EDU-138826,GB-COH-08221351,NEW SEAHAM ACADEMY
GB-EDU-138831,GB-COH-08140747,WINTERTON COMMUNITY ACADEMY
GB-EDU-138834,GB-COH-08212425,BRENTWOOD URSULINE CONVENT HIGH SCHOOL
GB-EDU-138835,GB-COH-08205021,BACUP AND RAWTENSTALL GRAMMAR SCHOOL
GB-EDU-138843,GB-COH-08210739,ST. MICHAEL'S ACADEMY
GB-EDU-138848,GB-COH-08181858,"ST MARIE'S SCHOOL, A CATHOLIC VOLUNTARY ACADEMY"
GB-EDU-138849,GB-COH-08210466,PEN MILL INFANT AND NURSERY ACADEMY
GB-EDU-138850,GB-COH-08160433,ST MARGARET'S CHURCH OF ENGLAND ACADEMY
GB-EDU-138853,GB-COH-07775671,WOODCHURCH HIGH SCHOOL
GB-EDU-138878,GB-COH-06829393,ASSESS EDUCATION LIMITED
GB-EDU-138902,GB-COH-08233527,ST MICHAEL & ALL ANGELS CHURCH OF ENGLAND PRIMARY SCHOOL
GB-EDU-138906,GB-COH-08150822,HOLYWELL PRIMARY SCHOOL
GB-EDU-138908,GB-COH-08219443,RENDELL PRIMARY SCHOOL
GB-EDU-138926,GB-COH-08248063,THRUSSINGTON CHURCH OF ENGLAND PRIMARY SCHOOL
GB-EDU-138930,GB-COH-08242856,CHURCH HILL CHURCH OF ENGLAND JUNIOR SCHOOL
GB-EDU-138931,GB-COH-08235194,QUENIBOROUGH CHURCH OF ENGLAND PRIMARY SCHOOL
GB-EDU-138933,GB-COH-08246313,RICKLEY PARK PRIMARY SCHOOL
GB-EDU-138942,GB-COH-08249992,ST CUTHBERT'S CHURCH OF ENGLAND ACADEMY INFANTS AND PRE-SCHOOL
GB-EDU-138960,GB-COH-08160195,SACRED HEART CATHOLIC SCHOOL
GB-EDU-138965,GB-COH-08247528,BARWELL CHURCH OF ENGLAND ACADEMY
GB-EDU-138966,GB-COH-08270802,SHOOTERS HILL SIXTH FORM COLLEGE
GB-EDU-139027,GB-COH-08291623,LUDLOW JUNIOR SCHOOL
GB-EDU-139030,GB-COH-08252316,SOUTHFIELD PRIMARY SCHOOL
GB-EDU-139032,GB-COH-08278118,ST NICHOLAS OF TOLENTINE CATHOLIC PRIMARY SCHOOL
GB-EDU-139034,GB-COH-08240864,MOUNTFIELDS LODGE SCHOOL
GB-EDU-139036,GB-COH-08271760,KINGS LANGLEY SCHOOL
GB-EDU-139038,GB-COH-08188239,OUTWOODS EDGE PRIMARY SCHOOL
GB-EDU-139071,GB-COH-08156719,NORTH ROAD ACADEMY LIMITED
GB-EDU-139095,GB-COH-08286030,BRENTFORD SCHOOL FOR GIRLS
GB-EDU-139098,GB-COH-08295240,ST PETER'S CHURCH OF ENGLAND PRIMARY ACADEMY
GB-EDU-139104,GB-COH-08249779,DILKES ACADEMY
GB-EDU-139105,GB-COH-08239056,BELMONT CASTLE ACADEMY
GB-EDU-139106,GB-COH-08272256,WOODSIDE ACADEMY
GB-EDU-139110,GB-COH-08299166,KILTON THORPE SPECIALIST ACADEMY
GB-EDU-139140,GB-COH-08314283,BOSTON HIGH SCHOOL
GB-EDU-139142,GB-COH-08305764,BRACEBRIDGE INFANT AND NURSERY SCHOOL LTD
GB-EDU-139143,GB-COH-08296889,BRIDGNORTH ENDOWED SCHOOL
GB-EDU-139144,GB-COH-08332696,CALDAY GRANGE GRAMMAR SCHOOL
GB-EDU-139147,GB-COH-08311200,CHICKERELL PRIMARY ACADEMY
GB-EDU-139149,GB-COH-08327233,ELVEDEN CHURCH OF ENGLAND PRIMARY ACADEMY
GB-EDU-139150,GB-COH-08322915,FOREST VIEW PRIMARY SCHOOL
GB-EDU-139153,GB-COH-08330173,HEDINGHAM SCHOOL AND SIXTH FORM
GB-EDU-139154,GB-COH-08286295,HITCHIN BOYS' SCHOOL
GB-EDU-139164,GB-COH-08318511,SEER GREEN CHURCH OF ENGLAND SCHOOL
GB-EDU-139165,GB-COH-08322813,SEVERNBANKS PRIMARY SCHOOL
GB-EDU-139166,GB-COH-08333159,SHAW PRIMARY ACADEMY
GB-EDU-139187,GB-COH-08314146,WELTON ST MARY'S CHURCH OF ENGLAND PRIMARY ACADEMY
GB-EDU-139189,GB-COH-07793019,WHITECROSS HEREFORD
GB-EDU-139255,GB-COH-08574692,"CHRIST CHURCH CHURCH OF ENGLAND JUNIOR SCHOOL, RAMSGATE"
GB-EDU-139293,GB-COH-08354009,CONNAUGHT SCHOOL FOR GIRLS
GB-EDU-139304,GB-COH-08357352,SPALDING GRAMMAR SCHOOL
GB-EDU-139315,GB-COH-08351355,ST EANSWYTHE'S CHURCH OF ENGLAND PRIMARY SCHOOL
GB-EDU-139340,GB-COH-08385139,ASFORDBY HILL PRIMARY SCHOOL
GB-EDU-139415,GB-COH-08120017,HALCYON LONDON INTERNATIONAL SCHOOL
GB-EDU-139418,GB-COH-08619729,ST MARY MAGDALENE ACADEMY: THE COURTYARD
GB-EDU-139442,GB-COH-08423539,SOUTH CHARNWOOD HIGH SCHOOL
GB-EDU-139443,GB-COH-08424090,ACOCKS GREEN PRIMARY SCHOOL
GB-EDU-139445,GB-COH-08403949,WEBSTER PRIMARY SCHOOL
GB-EDU-139446,GB-COH-08436371,BRILL CHURCH OF ENGLAND SCHOOL
GB-EDU-139453,GB-COH-08425359,POKESDOWN COMMUNITY PRIMARY SCHOOL
GB-EDU-139457,GB-COH-08437300,KNOWLE CHURCH OF ENGLAND PRIMARY ACADEMY
GB-EDU-139459,GB-COH-08407889,WORTH PRIMARY SCHOOL
GB-EDU-139462,GB-COH-08446789,HIGHWOODS COMMUNITY PRIMARY SCHOOL
GB-EDU-139472,GB-COH-08391057,OLD CLEE PRIMARY ACADEMY
GB-EDU-139473,GB-COH-08287618,RAYNSFORD CHURCH OF ENGLAND ACADEMY
GB-EDU-139474,GB-COH-08008193,ONE IN A MILLION FREE SCHOOL
GB-EDU-139487,GB-COH-08204680,TAVERHAM HIGH SCHOOL
GB-EDU-139493,GB-COH-08444770,THE ACADEMY OF WOODLANDS
GB-EDU-139495,GB-COH-08447546,MOORSIDE COMMUNITY PRIMARY ACADEMY SCHOOL
GB-EDU-139505,GB-COH-08422944,STOKE BISHOP CHURCH OF ENGLAND PRIMARY SCHOOL
GB-EDU-139510,GB-COH-08370592,SHARNBROOK PRIMARY
GB-EDU-139519,GB-COH-08434113,PUTNOE PRIMARY SCHOOL
GB-EDU-139521,GB-COH-08410002,GLYNE GAP SCHOOL
GB-EDU-139522,GB-COH-08434199,THE HILLS ACADEMY
GB-EDU-139523,GB-COH-08434141,GOLDINGTON GREEN ACADEMY
GB-EDU-139526,GB-COH-07844694,JAMES BRINDLEY SCHOOL
GB-EDU-139540,GB-COH-08426682,COMBE PAFFORD SCHOOL
GB-EDU-139545,GB-COH-08436788,FLAMSTEAD END SCHOOL
GB-EDU-139562,GB-COH-07958546,ALMA PRIMARY
GB-EDU-139601,GB-COH-03805365,THE COMPLETE WORKS LIMITED
GB-EDU-139608,GB-COH-08472117,BURGHILL COMMUNITY ACADEMY
GB-EDU-139613,GB-COH-08476253,GRAHAM JAMES PRIMARY ACADEMY
GB-EDU-139617,GB-COH-08441991,HORRINGTON PRIMARY SCHOOL
GB-EDU-139620,GB-COH-08474090,THE PASTURES PRIMARY SCHOOL
GB-EDU-139630,GB-COH-08239113,WOODSIDE PRIMARY SCHOOL
GB-EDU-139661,GB-COH-07956691,STEINER ACADEMY EXETER
GB-EDU-139662,GB-COH-08175884,THE REACH FREE SCHOOL LIMITED
GB-EDU-139663,GB-COH-07955870,SIR THOMAS FREMANTLE SCHOOL
GB-EDU-139696,GB-COH-07923267,THE WELLS FREE SCHOOL
GB-EDU-139697,GB-COH-07645462,HADLOW RURAL COMMUNITY SCHOOL LIMITED
GB-EDU-139729,GB-COH-07647538,WEST NEWCASTLE ACADEMY
GB-EDU-139734,GB-COH-08174080,WOODSIDE LODGE OUTDOOR LEARNING CENTRE LIMITED
GB-EDU-139737,GB-COH-08512087,BATTLING BROOK PRIMARY SCHOOL
GB-EDU-139750,GB-COH-08517429,LADYGROVE PARK PRIMARY SCHOOL
GB-EDU-139776,GB-COH-07956473,THE OLIVE TREE PRIMARY SCHOOL BOLTON LIMITED
GB-EDU-139826,GB-COH-08813632,READ ACADEMY EDUCATION
GB-EDU-139846,GB-COH-08170071,CARMOUNTSIDE PRIMARY ACADEMY
GB-EDU-139849,GB-COH-08565046,DIAMOND HALL INFANT ACADEMY
GB-EDU-139861,GB-COH-08565187,LOUGHTON SCHOOL
GB-EDU-139869,GB-COH-08520286,NORWOOD GREEN JUNIOR SCHOOL
GB-EDU-139873,GB-COH-08572898,RICHARD HALE SCHOOL
GB-EDU-139874,GB-COH-08388074,ROTHLEY CHURCH OF ENGLAND PRIMARY SCHOOL
GB-EDU-139881,GB-COH-08543217,ST MARY'S CATHOLIC PRIMARY SCHOOL (MALTBY)
GB-EDU-139889,GB-COH-08523370,WESTBROOK PRIMARY SCHOOL
GB-EDU-139971,GB-COH-07930340,HOLYPORT COLLEGE
GB-EDU-139972,GB-COH-08334593,THE HEIGHTS PRIMARY SCHOOL
GB-EDU-139980,GB-COH-08602255,DAUNTSEY ACADEMY PRIMARY SCHOOL
GB-EDU-139990,GB-COH-08606536,URSULA TAYLOR CHURCH OF ENGLAND SCHOOL
GB-EDU-139991,GB-COH-08259069,WEST THURROCK ACADEMY
GB-EDU-139994,GB-COH-08496504,YARDLEYS SCHOOL
GB-EDU-140038,GB-COH-08167436,LEEDS CHRISTIAN SCHOOL OF EXCELLENCE LTD
GB-EDU-140049,GB-COH-08526440,WESTFIELD ACADEMY
GB-EDU-140050,GB-COH-08556180,GATEWAY ACADEMY
GB-EDU-140069,GB-COH-08549807,FAREHAM ACADEMY
GB-EDU-140079,GB-COH-08488749,THREE WAYS SCHOOL
GB-EDU-140092,GB-COH-08594520,TORRE CHURCH OF ENGLAND ACADEMY
GB-EDU-140095,GB-COH-08564471,OLD DALBY CHURCH OF ENGLAND PRIMARY SCHOOL
GB-EDU-140103,GB-COH-08617343,HASTINGS HIGH SCHOOL
GB-EDU-140110,GB-COH-08638398,DARRINGTON CHURCH OF ENGLAND PRIMARY SCHOOL
GB-EDU-140123,GB-COH-08611863,ALLEYNE'S ACADEMY
GB-EDU-140127,GB-COH-08599777,CAWSTON GRANGE PRIMARY SCHOOL
GB-EDU-140134,GB-COH-08588099,HOLLAND PARK SCHOOL
GB-EDU-140142,GB-COH-08623343,PARK ROAD SALE PRIMARY SCHOOL
GB-EDU-140200,GB-COH-07649550,LANGDALE FREE SCHOOL
GB-EDU-140203,GB-COH-07925067,PEASLAKE FREE SCHOOL LIMITED
GB-EDU-140204,GB-COH-07281806,BRADFORD GIRLS' GRAMMAR SCHOOL
GB-EDU-140212,GB-COH-07702460,KENSINGTON ALDRIDGE ACADEMY
GB-EDU-140228,GB-COH-08702006,CLIFTON ALL SAINTS ACADEMY
GB-EDU-140238,GB-COH-08658210,COUNTESS ANNE CHURCH OF ENGLAND SCHOOL
GB-EDU-140243,GB-COH-08657975,HURST PRIMARY SCHOOL
GB-EDU-140249,GB-COH-08663956,RALPH SADLEIR SCHOOL
GB-EDU-140251,GB-COH-08423592,STANTON UNDER BARDON COMMUNITY PRIMARY SCHOOL
GB-EDU-140258,GB-COH-08637890,ASTWOOD BANK PRIMARY SCHOOL
GB-EDU-140261,GB-COH-08658515,REGENCY HIGH SCHOOL
GB-EDU-140276,GB-COH-08699391,BEECROFT ACADEMY
GB-EDU-140284,GB-COH-08713217,MILLBROOK PRIMARY SCHOOL
GB-EDU-140286,GB-COH-08712137,OAK BANK SCHOOL
GB-EDU-140289,GB-COH-08714452,PEATMOOR COMMUNITY PRIMARY SCHOOL
GB-EDU-140291,GB-COH-08714241,SHAW RIDGE PRIMARY SCHOOL
GB-EDU-140302,GB-COH-08713214,WESTLEA PRIMARY SCHOOL
GB-EDU-140309,GB-COH-08741704,MATCHBOROUGH FIRST SCHOOL ACADEMY
GB-EDU-140315,GB-COH-08702056,KIRBY MUXLOE PRIMARY SCHOOL
GB-EDU-140319,GB-COH-08693259,SKELTON PRIMARY SCHOOL
GB-EDU-140440,GB-COH-08722529,"ST MARY'S PRIMARY SCHOOL, A CATHOLIC VOLUNTARY ACADEMY"
GB-EDU-140441,GB-COH-08722710,"ST ANN'S CATHOLIC PRIMARY SCHOOL, A VOLUNTARY ACADEMY"
GB-EDU-140443,GB-COH-08603037,BURSTED WOOD PRIMARY SCHOOL
GB-EDU-140476,GB-COH-08217604,ROBERT BAKEWELL PRIMARY SCHOOL
GB-EDU-140503,GB-COH-08803924,SUNNYSIDE ACADEMY
GB-EDU-140505,GB-COH-08803858,VIEWLEY HILL ACADEMY
GB-EDU-140510,GB-COH-08591532,NORTHAMPTON SCHOOL FOR GIRLS
GB-EDU-140518,GB-COH-08601624,TWICKENHAM PRIMARY SCHOOL
GB-EDU-140526,GB-COH-08802427,MARDEN PRIMARY ACADEMY
GB-EDU-140531,GB-COH-08738846,SEVERNDALE SPECIALIST ACADEMY
GB-EDU-140532,GB-COH-08792911,SHERWOOD PARK PRIMARY SCHOOL
GB-EDU-140578,GB-COH-08789220,THE CAVENDISH HIGH ACADEMY
GB-EDU-140593,GB-COH-08830753,THE GATEWAY PRIMARY ACADEMY
GB-EDU-140600,GB-COH-07912940,ENERGY COAST UTC
GB-EDU-140703,GB-COH-08921898,BURNAGE ACADEMY FOR BOYS
GB-EDU-140706,GB-COH-08936173,COTTESBROOKE INFANT AND NURSERY SCHOOL
GB-EDU-140709,GB-COH-08899140,CROSSACRES PRIMARY ACADEMY
GB-EDU-140710,GB-COH-08916979,DAYS LANE PRIMARY SCHOOL
GB-EDU-140720,GB-COH-08920008,GIFFARDS PRIMARY SCHOOL
GB-EDU-140722,GB-COH-08919795,GREEN LANE PRIMARY ACADEMY LIMITED
GB-EDU-140789,GB-COH-08895977,TREDWORTH INFANT AND NURSERY ACADEMY
GB-EDU-140791,GB-COH-08920320,TYTHERINGTON SCHOOL
GB-EDU-140798,GB-COH-08918836,WOLVERHAMPTON GIRLS' HIGH SCHOOL
GB-EDU-140863,GB-COH-07960887,THE UNIVERSITY OF BIRMINGHAM SCHOOL
GB-EDU-140865,GB-COH-08936511,THE MCAULEY CATHOLIC HIGH SCHOOL
GB-EDU-140868,GB-COH-08936256,FAIRFIELD HIGH SCHOOL
GB-EDU-140893,GB-COH-08679235,BEACONSFIELD HIGH SCHOOL
GB-EDU-140911,GB-COH-09023805,LOUGHBOROUGH CHURCH OF ENGLAND PRIMARY SCHOOL
GB-EDU-140922,GB-COH-08976748,IDSALL SCHOOL
GB-EDU-140923,GB-COH-09065312,SMITH'S WOOD PRIMARY ACADEMY LIMITED
GB-EDU-140928,GB-COH-09161532,RYHOPE INFANT SCHOOL ACADEMY
GB-EDU-140950,GB-COH-07898536,LINCOLN UTC
GB-EDU-140961,GB-COH-07937014,WMG ACADEMY FOR YOUNG ENGINEERS
GB-EDU-140971,GB-COH-08515877,EXETER MATHEMATICS SCHOOL
GB-EDU-141004,GB-COH-08599329,THE WATFORD UTC
GB-EDU-141023,GB-COH-09031159,THE NORWEGIAN KINDERGARTEN IN LONDON
GB-EDU-141025,GB-COH-08221258,JUBILEE PRIMARY SCHOOL
GB-EDU-141030,GB-COH-08333424,BIG CREATIVE ACADEMY
GB-EDU-141057,GB-COH-09058698,LINDLEY CHURCH OF ENGLAND INFANT SCHOOL
GB-EDU-141074,GB-COH-09055607,WOODHOUSE ACADEMY
GB-EDU-141106,GB-COH-08963816,CHETWYNDE SCHOOL LIMITED
GB-EDU-141154,GB-COH-09104225,NORTH WEST LONDON JEWISH DAY SCHOOL
GB-EDU-141242,GB-COH-07968584,KIMICHI SCHOOL
GB-EDU-141270,GB-COH-09108745,HILLSTONE PRIMARY SCHOOL
GB-EDU-141304,GB-COH-09141452,PEAR TREE MEAD ACADEMY
GB-EDU-141313,GB-COH-04527579,SWARTHMORE EDUCATION CENTRE
GB-EDU-141435,GB-COH-09019610,HEART OF BIRMINGHAM VOCATIONAL COLLEGE LTD
GB-EDU-141481,GB-COH-08934887,ST VINCENT'S CATHOLIC PRIMARY SCHOOL
GB-EDU-141487,GB-COH-09136556,THE BROOKFIELD SCHOOL LTD
GB-EDU-141535,GB-COH-09258843,ST MARY'S CATHOLIC PRIMARY SCHOOL
GB-EDU-141566,GB-COH-09301212,ST JOSEPH'S CATHOLIC PRIMARY SCHOOL
GB-EDU-141610,GB-COH-09333191,GREEN MEADOW PRIMARY SCHOOL
GB-EDU-141623,GB-COH-09341344,STANWIX SCHOOL
GB-EDU-141682,GB-COH-09318755,HINCKLEY ACADEMY AND JOHN CLEVELAND SIXTH FORM CENTRE
GB-EDU-141733,GB-COH-09362801,ESHER CHURCH SCHOOL
GB-EDU-141759,GB-COH-09388819,ASHTON WEST END PRIMARY ACADEMY
GB-EDU-141808,GB-COH-09413691,SAINT CECILIA'S CHURCH OF ENGLAND SCHOOL
GB-EDU-141865,GB-COH-08449062,TRINITY ACADEMY NEWCASTLE
GB-EDU-141887,GB-COH-09017482,CHATSWORTH FUTURES LIMITED
GB-EDU-141907,GB-COH-09483921,HOLY INNOCENTS CATHOLIC PRIMARY SCHOOL
GB-EDU-141908,GB-COH-09468412,HUNTINGTON PRIMARY ACADEMY
GB-EDU-141968,GB-COH-07443085,MANCHESTER SENIOR GIRLS SCHOOL
GB-EDU-142009,GB-COH-08833418,HOE VALLEY SCHOOL
GB-EDU-142066,GB-COH-08872579,FOREST BRIDGE SCHOOL LTD
GB-EDU-142130,GB-COH-08351953,ENGINEERING UTC NORTHERN LINCOLNSHIRE
GB-EDU-142221,GB-COH-09016294,WATFORD ST JOHN'S CHURCH OF ENGLAND PRIMARY SCHOOL
GB-EDU-142234,GB-COH-09712111,OAKLANDS PRIMARY ACADEMY
GB-EDU-142237,GB-COH-09587693,SHAVINGTON ACADEMY
GB-EDU-142256,GB-COH-09635397,THOMAS'S ACADEMY
GB-EDU-142317,GB-COH-09527057,HIGHFIELDS SCHOOL
GB-EDU-142329,GB-COH-09033139,LYCEE INTERNATIONAL DE LONDRES
GB-EDU-142357,GB-COH-09683579,NEWLANDS GIRLS' SCHOOL
GB-EDU-142428,GB-COH-09872178,KINGSLEIGH PRIMARY SCHOOL
GB-EDU-142432,GB-COH-09801986,LENT RISE SCHOOL
GB-EDU-142435,GB-COH-09881224,MOORDOWN ST JOHN'S CHURCH OF ENGLAND PRIMARY SCHOOL
GB-EDU-142436,GB-COH-09872386,MUSCLIFF PRIMARY SCHOOL
GB-EDU-142445,GB-COH-09875389,ST MARK'S CHURCH OF ENGLAND PRIMARY SCHOOL
GB-EDU-142446,GB-COH-09894699,ST MICHAEL'S CHURCH OF ENGLAND PRIMARY SCHOOL
GB-EDU-142584,GB-COH-09896945,BURNT ASH PRIMARY SCHOOL
GB-EDU-142600,GB-COH-09888339,"ST THOMAS MORE CATHOLIC PRIMARY, A VOLUNTARY ACADEMY"
GB-EDU-142672,GB-COH-08702890,ACTIVE SUPPORT EDUCATION CENTRE LTD
GB-EDU-142729,GB-COH-10045230,ST AIDAN'S CATHOLIC PRIMARY SCHOOL
GB-EDU-142731,GB-COH-10037192,ST CHAD'S CATHOLIC PRIMARY SCHOOL
GB-EDU-142833,GB-COH-06362939,BRIDGE SCHOOL MALVERN LTD
GB-EDU-142902,GB-COH-08290305,GREATER PETERBOROUGH UTC
GB-EDU-142914,GB-COH-09974500,BRENTWOOD COMMUNITY COLLEGE
GB-EDU-142921,GB-COH-09854462,THE RIDGE EMPLOYABILITY COLLEGE LIMITED
GB-EDU-142922,GB-COH-09687513,LIFEBRIDGE ASEND
GB-EDU-143038,GB-COH-10288316,SANDWELL VALLEY SCHOOL LIMITED
GB-EDU-143040,GB-COH-08220033,IMEDIA SCHOOL
GB-EDU-143101,GB-COH-09250153,"THE ROYAL SCHOOL, WOLVERHAMPTON"
GB-EDU-143430,GB-COH-09268101,UTC PORTSMOUTH
GB-EDU-143723,GB-COH-09481079,CUMBRIA ACADEMY FOR AUTISM
GB-EDU-144753,GB-COH-08291601,LONDON ACADEMY OF EXCELLENCE TOTTENHAM
GB-EDU-144806,GB-COH-10350117,WATCHORN CHRISTIAN SCHOOL
GB-EDU-144818,GB-COH-11000646,OPEN BOX EDUCATION CENTRE LIMITED
GB-EDU-144819,GB-COH-09264827,SIR SIMON MILTON WESTMINSTER UNIVERSITY TECHNICAL COLLEGE
GB-EDU-145004,GB-COH-11090286,GODALMING COLLEGE
GB-EDU-145006,GB-COH-12062118,ESHER SIXTH FORM COLLEGE
GB-EDU-145007,GB-COH-10821223,WOKING COLLEGE
GB-EDU-145192,GB-COH-07629386,BEP ACADEMY
GB-EDU-145292,GB-COH-06595861,ST BEES SCHOOL
GB-EDU-145883,GB-COH-08873553,GREAT WESTERN ACADEMY LIMITED
GB-EDU-146022,GB-COH-07443184,SHALFORD INFANT SCHOOL LTD
GB-EDU-146042,GB-COH-10250840,THE MICHAEL TIPPETT COLLEGE
GB-EDU-146043,GB-COH-11188465,VICTORIA COLLEGE LTD
GB-EDU-146044,GB-COH-03199479,SOUTH WEST REGIONAL ASSESSMENT CENTRE LIMITED
GB-EDU-146046,GB-COH-11045976,ROUTES4LIFE LIMITED
GB-EDU-146089,GB-COH-11073037,DOWNS VIEW LIFE SKILLS COLLEGE
GB-EDU-146090,GB-COH-07810498,LIGHTHOUSE FUTURES TRUST
GB-EDU-146206,GB-COH-05078498,UNIVERSITY OF SUFFOLK LTD
GB-EDU-146546,GB-COH-11901504,SKILLS FOR INDEPENDENCE AND EMPLOYABILITY LIMITED
GB-EDU-147199,GB-COH-07893397,SOCIAL ARTS FOR EDUCATION
GB-EDU-147331,GB-COH-10975206,NEW SCHOOL CANTERBURY LTD
GB-EDU-147477,GB-COH-11686521,UNIVERSITY OF LIVERPOOL MATHEMATICS SCHOOL
GB-EDU-147681,GB-COH-12384406,GREENWICH ENGINEERING AND MEDICAL SCHOOL LTD
GB-EDU-148174,GB-COH-11519464,THE PARK COLLEGE
GB-EDU-148255,GB-COH-11753606,LS-TEN LIMITED
GB-EDU-148551,GB-COH-13190653,BAYTUL ILM SECONDARY SCHOOL
GB-EDU-148666,GB-COH-09082527,FUTURE HORIZONS LEEDS
GB-EDU-148796,GB-COH-13115704,CAIRN EDUCATION CIC
GB-EDU-149471,GB-COH-09862696,TEAM DOMENICA
GB-EDU-149632,GB-COH-08588099,HOLLAND PARK SCHOOL
GB-EDU-401972,GB-COH-03294434,RYDAL PENRHOS LIMITED
GB-EDU-401992,GB-COH-08133485,COLEG LLANYMDDYFRI
GB-EDU-401994,GB-COH-01527406,NANT-Y-CWM STEINER SCHOOL LIMITED
GB-EDU-402125,GB-COH-05166750,CARDIFF MUSLIM PRIMARY SCHOOL LTD
GB-EDU-402289,GB-COH-07998452,CARDIFF STEINER SCHOOL LIMITED
GB-MPR-10037R,GB-COH-13813684,WAVERTREE HOUSE LIMITED
GB-MPR-10058R,GB-COH-04461386,DERBY MASONIC HALL LIMITED
GB-MPR-1059W,GB-COH-05392725,WESTERHOPE GOLF CLUB LIMITED
GB-MPR-1290RS,GB-COH-SC539138,QUEEN'S HOUSE (KELSO) LIMITED
GB-MPR-1307RS,GB-COH-SC501174,NORTH ARGYLL EVENTIDE HOME ASSOCIATION LTD
GB-MPR-14BENS,GB-COH-SC396876,DEAF ACTION
GB-MPR-15086R,GB-COH-10801402,ADYS LAWN TENANTS ASSOCIATION LIMITED
GB-MPR-15408R,GB-COH-08828584,GARDENERS' ROYAL BENEVOLENT SOCIETY
GB-MPR-17734R,GB-COH-05972159,MALDON HOUSING ASSOCIATION LIMITED
GB-MPR-18043R,GB-COH-03355411,MIDLAND AND GREAT NORTHERN JOINT RAILWAY SOCIETY
GB-MPR-19793R,GB-COH-04075657,COBDENS CO-OWNERSHIP HOUSING ASSOCIATION LIMITED
GB-MPR-21567R,GB-COH-05862945,LLOYD'S REGISTER LIMITED
GB-MPR-21648R,GB-COH-12543477,ROCKET HOUSING SOCIETY LIMITED
GB-MPR-2206W,GB-COH-11881876,THE HOLLIES SPORTS AND SOCIAL CLUB LIMITED
GB-MPR-22650R,GB-COH-12182254,ABBEYFIELD TAMAR EXTRA CARE SOCIETY
GB-MPR-23424R,GB-COH-10259078,ABBEYFIELD WEY VALLEY SOCIETY LIMITED
GB-MPR-2460W,GB-COH-12218615,FILTON AND DISTRICT SOCIAL CLUB LIMITED
GB-MPR-24706R,GB-COH-12304094,ABBEYFIELD WEST WIGHT SOCIETY LIMITED
GB-MPR-25070R,GB-COH-07775753,KINGSTON WOMEN'S CENTRE
GB-MPR-2533RS,GB-COH-SC543017,WEST LOTHIAN LEISURE
GB-MPR-2543RS,GB-COH-SC238789,TIREE RURAL DEVELOPMENT LIMITED
GB-MPR-257W,GB-COH-09625402,PARKEND CLUB LIMITED
GB-MPR-26239R,GB-COH-13558425,CIRENCESTER HOUSING FOR YOUNG PEOPLE
GB-MPR-26301R,GB-COH-05767006,PRESTON COMMUNITY TRANSPORT LIMITED
GB-MPR-26673R,GB-COH-09442336,COMMUNITY LIVES CONSORTIUM
GB-MPR-26BEN,GB-COH-07286399,THE CIVIL SERVICE BENEVOLENT FUND
GB-MPR-2713W,GB-COH-09351460,AVON VALLEY INDOOR BOWLS CLUB LIMITED
GB-MPR-2728RS,GB-COH-SC491013,DUNDEE SOCIAL ENTERPRISE NETWORK
GB-MPR-27933R,GB-COH-07788593,MANCHESTER ALLIANCE FOR COMMUNITY CARE
GB-MPR-2858W,GB-COH-13708689,PADSTOW SOCIAL CLUB LIMITED
GB-MPR-28604R,GB-COH-10823617,VENTURE ARTS
GB-MPR-28698R,GB-COH-12811902,DINGLE COMMUNITY LEARNING PROGRAMME LIMITED
GB-MPR-28926R,GB-COH-08633007,WOODBRIDGE RUGBY UNION FOOTBALL CLUB LIMITED
GB-MPR-29396R,GB-COH-05224070,LEWES RUGBY FOOTBALL CLUB LIMITED
GB-MPR-29680R,GB-COH-11446092,GROWING WELL LIMITED
GB-MPR-29858R,GB-COH-11092810,WIRRAL CLUB LIMITED
GB-MPR-329IP,GB-COH-NI031308,WORKFORCE TRAINING SERVICES LIMITED
GB-MPR-52SA,GB-COH-12103144,NATIONAL FEDERATION OF YOUNG FARMERS' CLUBS
GB-MPR-7372,GB-COH-10568307,CARE AND REPAIR WESTERN BAY
GB-MPR-8212,GB-COH-12884547,VALORUM FOUNDATION
GB-MPR-8745,GB-COH-13282308,ISLE OF WIGHT MUSIC HERITAGE GROUP LIMITED
GB-MPR-8970,GB-COH-04380728,FUTURES HOMESCAPE LIMITED
GB-MPR-8973,GB-COH-05775392,FUTURES HOMEWAY LIMITED
GB-NHS-C84702,GB-COH-02672194,BASE 51
GB-NHS-H82635,GB-COH-01525404,ST. CATHERINE'S HOSPICE LIMITED
GB-NHS-L81668,GB-COH-01191227,ST PETER'S HOSPICE
GB-NHS-M83704,GB-COH-03615904,DOUGLAS MACMILLAN HOSPICE
GB-NHS-N81658,GB-COH-02537501,THE DAVID LEWIS CENTRE
GB-NHS-N85641,GB-COH-02620240,CLAIRE HOUSE
GB-NHS-P82654,GB-COH-02114925,BOLTON HOSPICE
GB-NHS-W94571,GB-COH-02906838,NIGHTINGALE HOUSE HOSPICE
GB-NHS-Y00640,GB-COH-03955487,WOKING HOSPICE
GB-NHS-Y00910,GB-COH-01619905,FARLEIGH HOSPICE
GB-NHS-Y02206,GB-COH-01599796,PRINCESS ALICE HOSPICE
GB-NHS-Y02420,GB-COH-02620879,CHILDREN'S HOSPICE SOUTH WEST
GB-NHS-Y02474,GB-COH-01608025,SEVERN HOSPICE LIMITED
GB-NHS-Y03003,GB-COH-01499846,HOSPICE IN THE WEALD
GB-NHS-Y03017,GB-COH-05085990,FCMS (NW) LIMITED
GB-NHS-Y03111,GB-COH-01494909,PROSPECT HOSPICE LIMITED
GB-NHS-Y03406,GB-COH-03809663,BLUEBELL WOOD CHILDREN'S HOSPICE
GB-NHS-Y03480,GB-COH-02904446,KEECH HOSPICE CARE
GB-NHS-Y04607,GB-COH-03056823,ISABEL HOSPICE LIMITED
GB-NHS-Y05400,GB-COH-01231909,WILLEN HOSPICE
GB-NHS-Y05751,GB-COH-07485521,THANET HEALTH COMMUNITY INTEREST COMPANY
GB-NHS-Y05873,GB-COH-07711721,HADRIAN PRIMARY CARE ALLIANCE LIMITED
GB-NHS-Y05941,GB-COH-02750734,MARY ANN EVANS HOSPICE
GB-NHS-Y05969,GB-COH-02414541,WESTON HOSPICECARE LIMITED
GB-NHS-Y06007,GB-COH-10974442,WELLSBOURNE HEALTHCARE CIC
GB-NHS-Y06103,GB-COH-02929267,EARL MOUNTBATTEN HOSPICE
GB-NHS-Y06114,GB-COH-02164215,HOSPISCARE
GB-NHS-Y06184,GB-COH-04709142,SAFECARE NETWORK LIMITED
GB-NHS-Y06483,GB-COH-01645888,KIRKWOOD HOSPICE
GB-NHS-Y06730,GB-COH-02700516,KATHARINE HOUSE HOSPICE
GB-NHS-Y06812,GB-COH-06722353,PRIMARY EYECARE SERVICES LIMITED
GB-NHS-Y06849,GB-COH-06722353,PRIMARY EYECARE SERVICES LIMITED
GB-NHS-Y07004,GB-COH-05316964,THAMES HOSPICE
GB-NHS-Y07041,GB-COH-06722353,PRIMARY EYECARE SERVICES LIMITED
GB-NHS-Y07061,GB-COH-02681604,TETBURY HOSPITAL TRUST LIMITED
GB-NIEDU-106-6531,GB-COH-NI018766,HAZELWOOD INTEGRATED PRIMARY SCHOOL LTD
GB-NIEDU-106-6580,GB-COH-NI027338,CRANMORE INTEGRATED PRIMARY SCHOOL LTD
GB-NIEDU-142-0265,GB-COH-NI020397,HUNTERHOUSE COLLEGE
GB-NIEDU-206-6552,GB-COH-NI023021,OMAGH INTEGRATED PRIMARY SCHOOL LTD
GB-NIEDU-206-6665,GB-COH-NI071767,ROE VALLEY INTEGRATED PRIMARY SCHOOL LIMITED
GB-NIEDU-226-0276,GB-COH-NI040521,OAKGROVE INTEGRATED COLLEGE LIMITED
GB-NIEDU-226-0283,GB-COH-NI029188,DRUMRAGH INTEGRATED COLLEGE LTD
GB-NIEDU-306-6613,GB-COH-NI034339,SPIRES INTEGRATED PRIMARY SCHOOL LIMITED
GB-NIEDU-306-6652,GB-COH-NI605234,MAINE INTEGRATED PRIMARY SCHOOL LIMITED
GB-NIEDU-326-0290,GB-COH-NI029712,NORTH COAST INTEGRATED COLLEGE LIMITED
GB-NIEDU-326-0303,GB-COH-NI041342,SPERRIN INTEGRATED COLLEGE LIMITED
GB-NIEDU-342-0012,GB-COH-NI000233,DALRIADA SCHOOL
GB-NIEDU-342-0077,GB-COH-NI000557,BELFAST HIGH SCHOOL
GB-NIEDU-406-6588,GB-COH-NI028658,CEDAR INTEGRATED PRIMARY SCHOOL LIMITED
GB-NIEDU-406-6611,GB-COH-NI029876,OAKWOOD INTEGRATED PRIMARY SCHOOL LIMITED
GB-NIEDU-406-6668,GB-COH-NI047102,DRUMLINS INTEGRATED PRIMARY SCHOOL LIMITED
GB-NIEDU-406-6682,GB-COH-NI055225,ROWANDALE INTEGRATED PRIMARY SCHOOL LIMITED
GB-NIEDU-426-0255,GB-COH-NI015289,LAGAN COLLEGE LIMITED
GB-NIEDU-426-0281,GB-COH-NI028059,SHIMNA INTEGRATED COLLEGE LIMITED
GB-NIEDU-426-0309,GB-COH-NI070392,BLACKWATER INTEGRATED COLLEGE LIMITED
GB-NIEDU-506-6553,GB-COH-NI024310,PORTADOWN INTEGRATED PRIMARY SCHOOL LTD
GB-NIEDU-506-6554,GB-COH-NI021761,WINDMILL INTEGRATED PRIMARY SCHOOL LIMITED
GB-NIEDU-506-6657,GB-COH-NI047753,PHOENIX INTEGRATED PRIMARY SCHOOL LTD
GB-NIEDU-526-0286,GB-COH-NI028569,INTEGRATED COLLEGE DUNGANNON
GB-NIEDU-IS104,GB-COH-NI666632,SENSATIONS NEST LTD
GB-NIEDU-IS24,GB-COH-NI007054,ROCKPORT SCHOOL LIMITED
GB-SCOTEDU-5571448,GB-COH-SC162021,HARMENY EDUCATION TRUST LIMITED
GB-SCOTEDU-8470332,GB-COH-SC108265,JORDANHILL SCHOOL
GB-SCOTEDU-8471045,GB-COH-SC356976,EAST PARK SCHOOL
GB-WALEDU-6626019,GB-COH-03294434,RYDAL PENRHOS LIMITED
GB-WALEDU-6696002,GB-COH-08133485,COLEG LLANYMDDYFRI
GB-WALEDU-6696008,GB-COH-01527406,NANT-Y-CWM STEINER SCHOOL LIMITED
GB-WALEDU-6816093,GB-COH-05166750,CARDIFF MUSLIM PRIMARY SCHOOL LTD
GB-WALEDU-6816096,GB-COH-07998452,CARDIFF STEINER SCHOOL LIMITED
